document_id,document_source,document_url,category,umls_cui,umls_semantic_types,umls_semantic_group,synonyms,question_id,question_focus,question_type,question,answer
0000587,GHR,https://ghr.nlm.nih.gov/condition/leber-congenital-amaurosis,,C0339527,T047,Disorders,"amaurosis, Leber congenital|congenital amaurosis of retinal origin|congenital retinal blindness|CRB|dysgenesis neuroepithelialis retinae|hereditary epithelial dysplasia of retina|hereditary retinal aplasia|heredoretinopathia congenitalis|LCA|Leber abiotrophy|Leber congenital tapetoretinal degeneration|Leber's amaurosis",0000587-5,Leber congenital amaurosis,treatment,What are the treatments for Leber congenital amaurosis ?,These resources address the diagnosis or management of Leber congenital amaurosis:  - Gene Review: Gene Review: Leber Congenital Amaurosis  - Genetic Testing Registry: Leber congenital amaurosis 1  - Genetic Testing Registry: Leber congenital amaurosis 10  - Genetic Testing Registry: Leber congenital amaurosis 12  - Genetic Testing Registry: Leber congenital amaurosis 13  - Genetic Testing Registry: Leber congenital amaurosis 14  - Genetic Testing Registry: Leber congenital amaurosis 2  - Genetic Testing Registry: Leber congenital amaurosis 3  - Genetic Testing Registry: Leber congenital amaurosis 4  - Genetic Testing Registry: Leber congenital amaurosis 5  - Genetic Testing Registry: Leber congenital amaurosis 9  - Genetic Testing Registry: Leber's amaurosis  - National Eye Institute: Gene Therapy for Leber Congenital Amaurosis   These resources from MedlinePlus offer information about the diagnosis and management of various health conditions:  - Diagnostic Tests  - Drug Therapy  - Surgery and Rehabilitation  - Genetic Counseling   - Palliative Care
0000131,NIDDK,http://www.niddk.nih.gov/health-information/health-topics/digestive-diseases/lactose-intolerance/Pages/ez.aspx,,C0022951,T047,Disorders,,0000131-2,What I need to know about Lactose Intolerance,information,What is (are) What I need to know about Lactose Intolerance ?,"Lactose intolerance means you have symptoms such as bloating, diarrhea, and gas after you have milk or milk products.
                
If your small intestine does not produce much lactase, you cannot break down much lactose. Lactose that does not break down goes to your colon. The colon is an organ that absorbs water from stool and changes it from a liquid to a solid form. In your colon, bacteria that normally live in the colon break down the lactose and create fluid and gas, causing you to have symptoms.
                
The causes of low lactase in your small intestine can include the following:
                
- In some people, the small intestine makes less lactase starting at about age 2, which may lead to symptoms of lactose intolerance. Other people start to have symptoms later, when they are teenagers or adults.  - Infection, disease, or other problems that harm the small intestine can cause low lactase levels. Low lactase levels can cause you to become lactose intolerant until your small intestine heals.  - Being born early may cause babies to be lactose intolerant for a short time after they are born.  - In a rare form of lactose intolerance, the small intestine produces little or no lactase enzyme from birth.
                
Not all people with low lactase levels have symptoms. If you have symptoms, you are lactose intolerant.
                
Most people who are lactose intolerant can have some milk or milk products and not have symptoms. The amount of lactose that causes symptoms is different from person to person.
                

                
People sometimes confuse lactose intolerance with a milk allergy. While lactose intolerance is a digestive problem, a milk allergy is a reaction by the bodys immune system to one or more milk proteins. If you have a milk allergy, having even a small amount of milk or milk product can be life threatening. A milk allergy most commonly occurs in the first year of life. Lactose intolerance occurs more often during the teen years or adulthood."
0000137,NIDDK,http://www.niddk.nih.gov/health-information/health-topics/kidney-disease/analgesic-nephropathy-painkillers-and-the-kidneys/Pages/facts.aspx,,C0149938,T046,Disorders,,0000137-3,Analgesic Nephropathy (Painkillers and the Kidneys),treatment,What are the treatments for Analgesic Nephropathy (Painkillers and the Kidneys) ?,"If you have been taking analgesics regularly to control chronic pain, you may be advised to find new ways to treat your pain, such as behavior modification or relaxation techniques. Depending on how much your kidney function has declined, you may be advised to change your diet, limit the fluids you drink, or take medications to avoid anemia and bone problems caused by kidney disease. Your doctor will monitor your kidney function with regular urine and blood tests."
0000142,NINDS,http://www.ninds.nih.gov/disorders/nbia/nbia.htm,,C0027746,T049,Disorders,,0000142-4,Neurodegeneration with Brain Iron Accumulation,research,what research (or clinical trials) is being done for Neurodegeneration with Brain Iron Accumulation ?,"The mission of the National Institute of Neurological Disorders and Stroke (NINDS) is to seek fundamental knowledge about the brain and nervous system, and to use that knowledge to reduce the burden of neurological disease. NINDS-funded researchers are developing a mouse model of an NBIA disorder to gain insight into the causes of the disease and accelerate ongoing efforts to identify therapeutics to treat it.."
0000055,NIDDK,http://www.niddk.nih.gov/health-information/health-topics/Diabetes/prevent-diabetes-problems/Pages/keep-eyes-healthy.aspx,,C0011860|C0011849,T047,Disorders,,0000055-3,Prevent diabetes problems: Keep your eyes healthy,symptoms,What are the symptoms of Prevent diabetes problems: Keep your eyes healthy ?,"Often, no symptoms appear during the early stages of diabetes retina problems. As retina problems worsen, your symptoms might include
                
- blurry or double vision  - rings, flashing lights, or blank spots in your vision  - dark or floating spots in your vision  - pain or pressure in one or both of your eyes  - trouble seeing things out of the corners of your eyes"
0004893,GARD,https://rarediseases.info.nih.gov/gard/4369/pinheiro-freire-maia-miranda-syndrome,,C2931485,T047,Disorders,Trichodermodysplasia with dental alterations,0004893-1,Pinheiro Freire-Maia Miranda syndrome,symptoms,What are the symptoms of Pinheiro Freire-Maia Miranda syndrome ?,"What are the signs and symptoms of Pinheiro Freire-Maia Miranda syndrome? The Human Phenotype Ontology provides the following list of signs and symptoms for Pinheiro Freire-Maia Miranda syndrome. If the information is available, the table below includes how often the symptom is seen in people with this condition. You can use the MedlinePlus Medical Dictionary to look up the definitions for these medical terms. Signs and Symptoms Approximate number of patients (when available) Abnormal hair quantity 90% Abnormality of dental morphology 90% Abnormality of the eyelashes 90% Fine hair 90% Reduced number of teeth 90% Delayed eruption of teeth 50% Hyperlordosis 50% Increased number of teeth 50% Palmoplantar keratoderma 50% Scoliosis 50% Sparse lateral eyebrow 50% Abnormality of female internal genitalia 7.5% Abnormality of the hip bone 7.5% Adenoma sebaceum 7.5% Cafe-au-lait spot 7.5% Hypermetropia 7.5% The Human Phenotype Ontology (HPO) has collected information on how often a sign or symptom occurs in a condition. Much of this information comes from Orphanet, a European rare disease database. The frequency of a sign or symptom is usually listed as a rough estimate of the percentage of patients who have that feature. The frequency may also be listed as a fraction. The first number of the fraction is how many people had the symptom, and the second number is the total number of people who were examined in one study. For example, a frequency of 25/25 means that in a study of 25 people all patients were found to have that symptom. Because these frequencies are based on a specific study, the fractions may be different if another group of patients are examined. Sometimes, no information on frequency is available. In these cases, the sign or symptom may be rare or common."
0000035,MPlusHealthTopics,https://www.nlm.nih.gov/medlineplus/anesthesia.html,Disease,C2219802,T033,Disorders,,0000035-1,Anesthesia,information,What is (are) Anesthesia ?,"If you are having surgery, your doctor will give you medicine called an anesthetic. Anesthetics reduce or prevent pain. There are three main types:       - Local - numbs one small area of the body. You stay awake and alert.    - Regional - blocks pain in an area of the body, such an arm or leg. A common type is epidural anesthesia, which is often used during childbirth.    - General - makes you unconscious. You do not feel any pain, and you do not remember the procedure afterwards.       You may also get a mild sedative to relax you. You stay awake but may not remember the procedure afterwards. Sedation can be used with or without anesthesia.    The type of anesthesia or sedation you get depends on many factors. They include the procedure you are having and your current health."
0000157,GHR,https://ghr.nlm.nih.gov/condition/cartilage-hair-hypoplasia,,C0220748,T019|T047,Disorders,"cartilage-hair syndrome|CHH|McKusick's metaphyseal chondrodysplasia syndrome|metaphyseal chondrodysplasia, McKusick type|metaphyseal chondrodysplasia, recessive type",0000157-2,cartilage-hair hypoplasia,frequency,How many people are affected by cartilage-hair hypoplasia ?,"Cartilage-hair hypoplasia occurs most often in the Old Order Amish population, where it affects about 1 in 1,300 newborns. In people of Finnish descent, its incidence is approximately 1 in 20,000. Outside of these populations, the condition is rare, and its specific incidence is not known. It has been reported in individuals of European and Japanese descent."
0001416,GARD,https://rarediseases.info.nih.gov/gard/6131/cold-urticaria,,C0221207,T047,Disorders,Cold contact urticaria|Primary idiopathic cold urticaria|Urticaria idiopathic cold,0001416-4,Cold urticaria,inheritance,Is Cold urticaria inherited ?,Is cold urticaria inherited? Cold urticaria is not thought to be inherited. Most cases occur sporadically in people with no family history of the condition.
0000078,NINDS,http://www.ninds.nih.gov/disorders/postural_tachycardia_syndrome/postural_tachycardia_syndrome.htm,,C1299624|C3827868|C0039231,T047|T033|T184,Disorders,,0000078-3,Postural Tachycardia Syndrome,outlook,What is the outlook for Postural Tachycardia Syndrome ?,"POTS may follow a relapsing-remitting course, in which symptoms come and go, for years. In most cases (approximately 80 percent), an individual with POTS improves to some degree and becomes functional, although some residual symptoms are common."
0000026_3,CancerGov,https://www.cancer.gov/types/kidney/patient/wilms-treatment-pdq,,C1333003|C0027708,T191,Disorders,,0000026_3-7,Wilms Tumor and Other Childhood Kidney Tumors,treatment,What are the treatments for Wilms Tumor and Other Childhood Kidney Tumors ?,"Key Points
                    - There are different types of treatment for patients with Wilms tumor and other childhood kidney tumors.    - Children with Wilms tumor or other childhood kidney tumors should have their treatment planned by a team of health care providers who are experts in treating cancer in children.    - Some cancer treatments cause side effects months or years after treatment has ended.    - Five types of standard treatment are used:         - Surgery     - Radiation therapy     - Chemotherapy     - Biologic therapy     - High-dose chemotherapy with stem cell rescue        - New types of treatment are being tested in clinical trials.         - Targeted therapy        - Patients may want to think about taking part in a clinical trial.    - Patients can enter clinical trials before, during, or after starting their cancer treatment.    - Follow-up tests may be needed.
                
                
                    There are different types of treatment for patients with Wilms tumor and other childhood kidney tumors.
                    Different types of treatment are available for children with Wilms and other childhood kidney tumors. Some treatments are standard (the currently used treatment), and some are being tested in clinical trials. A treatment clinical trial is a research study meant to help improve current treatments or obtain information on new treatments for patients with cancer. When clinical trials show that a new treatment is better than the standard treatment, the new treatment may become the standard treatment.   Because cancer in children is rare, taking part in a clinical trial should be considered. Some clinical trials are open only to patients who have not started treatment.
                
                
                    Children with Wilms tumor or other childhood kidney tumors should have their treatment planned by a team of health care providers who are experts in treating cancer in children.
                    Your child's treatment will be overseen by a pediatric oncologist, a doctor who specializes in treating children with cancer. The pediatric oncologist works with other pediatric health care providers who are experts in treating children with Wilms tumor or other childhood kidney tumors and who specialize in certain areas of medicine. These may include the following specialists:         -  Pediatrician.    -  Pediatric surgeon or urologist.    -  Radiation oncologist.    -  Rehabilitation specialist.    -  Pediatric nurse specialist.    -  Social worker.
                
                
                    Some cancer treatments cause side effects months or years after treatment has ended.
                    Side effects from cancer treatment that begin during or after treatment and continue for months or years are called late effects. Late effects of cancer treatment may include the following:          - Physical problems, such as heart problems, kidney problems, or problems during pregnancy.    - Changes in mood, feelings, thinking, learning, or memory.    -  Second cancers (new types of cancer), such as cancer of the gastrointestinal tract or breast cancer.        Some late effects may be treated or controlled. It is important to talk with your child's doctors about the effects cancer treatment can have on your child. (See the PDQ summary about Late Effects of Treatment for Childhood Cancer for more information).     Clinical trials are being done to find out if lower doses of chemotherapy and radiation can be used to lessen the late effects of treatment without changing how well the treatment works.
                
                
                    Five types of standard treatment are used:
                    Surgery    Two types of surgery are used to treat kidney tumors:            -  Nephrectomy: Wilms tumor and other childhood kidney tumors are usually treated with nephrectomy (surgery to remove the whole kidney). Nearby lymph nodes may also be removed and checked for signs of cancer. Sometimes a kidney transplant (surgery to remove the kidney and replace it with a kidney from a donor) is done when the cancer is in both kidneys and the kidneys are not working well.     -  Partial nephrectomy: If cancer is found in both kidneys or is likely to spread to both kidneys, surgery may include a partial nephrectomy (removal of the cancer in the kidney and a small amount of normal tissue around it). Partial nephrectomy is done to keep as much of the kidney working as possible. A partial nephrectomy is also called renal-sparing surgery.           Even if the doctor removes all the cancer that can be seen at the time of the surgery, some patients may be given chemotherapy or radiation therapy after surgery to kill any cancer cells that are left. Treatment given after the surgery, to lower the risk of the cancer coming back, is called adjuvant therapy. Sometimes, a second-look surgery is done to see if cancer remains after chemotherapy or radiation therapy.       Radiation therapy    Radiation therapy is a cancer treatment that uses high-energy x-rays or other types of radiation to kill cancer cells or keep them from growing. There are two types of radiation therapy:            -  External radiation therapy uses a machine outside the body to send radiation toward the cancer.     -  Internal radiation therapy uses a radioactive substance sealed in needles, seeds, wires, or catheters that are placed directly into or near the cancer.           The way the radiation therapy is given depends on the type and stage of the cancer being treated and whether a biopsy was done before surgery to remove the tumor. External radiation therapy is used to treat Wilms tumor and other childhood kidney tumors.       Chemotherapy    Chemotherapy is a cancer treatment that uses drugs to stop the growth of cancer cells, either by killing the cells or by stopping them from dividing. When chemotherapy is taken by mouth or injected into a vein or muscle, the drugs enter the bloodstream and can reach cancer cells throughout the body (systemic chemotherapy). When chemotherapy is placed directly into the cerebrospinal fluid, an organ, or a body cavity such as the abdomen, the drugs mainly affect cancer cells in those areas (regional chemotherapy). Combination chemotherapy is treatment using two or more anticancer drugs.    The way the chemotherapy is given depends on the type and stage of the cancer being treated. Systemic chemotherapy is used to treat Wilms tumor and other childhood kidney tumors.    Sometimes the tumor cannot be removed by surgery for one of the following reasons:            - The tumor is too close to important organs or blood vessels.     - The tumor is too large to remove.     - The cancer is in both kidneys.     - There is a blood clot in the vessels near the liver.     - The patient has trouble breathing because cancer has spread to the lungs.            In this case, a biopsy is done first. Then chemotherapy is given to reduce the size of the tumor before surgery, in order to save as much healthy tissue as possible and lessen problems after surgery. This is called neoadjuvant chemotherapy. Radiation therapy is given after surgery.    See Drugs Approved for Wilms Tumor and Other Childhood Kidney Cancers for more information.       Biologic therapy     Biologic therapy is a treatment that uses the patient's immune system to fight cancer. Substances made by the body or made in a laboratory are used to boost, direct, or restore the body's natural defenses against cancer. This type of cancer treatment is also called biotherapy or immunotherapy.     Interferon and interleukin-2 (IL-2) are types of biologic therapy used to treat childhood renal cell cancer. Interferon affects the division of cancer cells and can slow tumor growth. IL-2 boosts the growth and activity of many immune cells, especially lymphocytes (a type of white blood cell). Lymphocytes can attack and kill cancer cells.       High-dose chemotherapy with stem cell rescue     High-dose chemotherapy with stem cell rescue is a method of giving high doses of chemotherapy and replacing blood -forming cells destroyed by the cancer treatment. Stem cells (immature blood cells) are removed from the blood or bone marrow of the patient or a donor and are frozen and stored. After the chemotherapy is completed, the stored stem cells are thawed and given back to the patient through an infusion. These re-infused stem cells grow into (and restore) the body's blood cells.    High-dose chemotherapy with stem cell rescue may be used to treat recurrent Wilms tumor.
                
                
                    Follow-up tests may be needed.
                    Some of the tests that were done to diagnose the cancer or to find out the stage of the cancer may be repeated. Some tests will be repeated in order to see how well the treatment is working. Decisions about whether to continue, change, or stop treatment may be based on the results of these tests.   Some of the tests will continue to be done from time to time after treatment has ended. The results of these tests can show if your child's condition has changed or if the cancer has recurred (come back). These tests are sometimes called follow-up tests or check-ups.
                
		        
		            Treatment Options for Wilms Tumor
		            
		                
		                    Stage I Wilms Tumor
		                    Treatment of stage I Wilms tumor with favorable histology may include:         -  Nephrectomy with removal of lymph nodes, followed by combination chemotherapy.    - A clinical trial of nephrectomy only.        Treatment of stage I anaplastic Wilms tumor may include:         - Nephrectomy with removal of lymph nodes followed by combination chemotherapy and radiation therapy to the flank area (either side of the body between the ribs and hipbone).        Check the list of NCI-supported cancer clinical trials that are now accepting patients with stage I Wilms tumor. For more specific results, refine the search by using other search features, such as the location of the trial, the type of treatment, or the name of the drug. Talk with your child's doctor about clinical trials that may be right for your child. General information about clinical trials is available from the NCI website.
		                
		                
		                    Stage II Wilms Tumor
		                    Treatment of stage II Wilms tumor with favorable histology may include:         -  Nephrectomy with removal of lymph nodes, followed by combination chemotherapy.        Treatment of stage II anaplastic Wilms tumor may include:         - Nephrectomy with removal of lymph nodes, followed by radiation therapy to the abdomen and combination chemotherapy.        Check the list of NCI-supported cancer clinical trials that are now accepting patients with stage II Wilms tumor. For more specific results, refine the search by using other search features, such as the location of the trial, the type of treatment, or the name of the drug. Talk with your child's doctor about clinical trials that may be right for your child. General information about clinical trials is available from the NCI website.
		                
		                
		                    Stage III Wilms Tumor
		                    Treatment of stage III Wilms tumor with favorable histology may include:         -  Nephrectomy with removal of lymph nodes, followed by radiation therapy to the abdomen and combination chemotherapy.        Treatment of stage III anaplastic Wilms tumor may include:         - Nephrectomy with removal of lymph nodes, followed by radiation therapy to the abdomen and combination chemotherapy.    - Combination chemotherapy followed by nephrectomy with removal of lymph nodes, followed by radiation therapy to the abdomen.        Check the list of NCI-supported cancer clinical trials that are now accepting patients with stage III Wilms tumor. For more specific results, refine the search by using other search features, such as the location of the trial, the type of treatment, or the name of the drug. Talk with your child's doctor about clinical trials that may be right for your child. General information about clinical trials is available from the NCI website.
		                
		                
		                    Stage IV Wilms Tumor
		                    Treatment of stage IV Wilms tumor with favorable histology may include:         -  Nephrectomy with removal of lymph nodes, followed by radiation therapy to the abdomen and combination chemotherapy. If cancer has spread to other parts of the body, patients will also receive radiation therapy to those areas.         Treatment of stage IV anaplastic Wilms tumor may include:          - Nephrectomy with removal of lymph nodes, followed by radiation therapy to the abdomen and combination chemotherapy. If cancer has spread to other parts of the body, patients will also receive radiation therapy to those areas.    - Combination chemotherapy given before nephrectomy with removal of lymph nodes, followed by radiation therapy to the abdomen. If cancer has spread to other parts of the body, patients will also receive radiation therapy to those areas.        Check the list of NCI-supported cancer clinical trials that are now accepting patients with stage IV Wilms tumor. For more specific results, refine the search by using other search features, such as the location of the trial, the type of treatment, or the name of the drug. Talk with your child's doctor about clinical trials that may be right for your child. General information about clinical trials is available from the NCI website.
		                
		                
		                    Stage V Wilms Tumor and patients at high risk of developing bilateral Wilms tumor
		                    Treatment of stage V Wilms tumor may be different for each patient and may include:         -  Combination chemotherapy to shrink the tumor, followed by repeat imaging at 4 to 8 weeks to decide on further therapy (partial nephrectomy, biopsy, continued chemotherapy, and/or radiation therapy).    - A biopsy of the kidneys is followed by combination chemotherapy to shrink the tumor. A second surgery is done to remove as much of the cancer as possible. This may be followed by more chemotherapy and/or radiation therapy if cancer remains after surgery.        If a kidney transplant is needed because of kidney problems, it is delayed until 1 to 2 years after treatment is completed and there are no signs of cancer.   Check the list of NCI-supported cancer clinical trials that are now accepting patients with stage V Wilms tumor. For more specific results, refine the search by using other search features, such as the location of the trial, the type of treatment, or the name of the drug. Talk with your child's doctor about clinical trials that may be right for your child. General information about clinical trials is available from the NCI website.
		                
				        
				            Treatment Options for Other Childhood Kidney Tumors
				            
				                
				                    Renal Cell Cancer (RCC)
				                    Treatment of renal cell cancer usually includes:         -  Surgery, which may be:                -  nephrectomy with removal of lymph nodes; or      -  partial nephrectomy with removal of lymph nodes.             -  Biologic therapy (interferon and interleukin-2) for cancer that has spread to other parts of the body.        See the PDQ summary about Renal Cell Cancer Treatment for more information.   Check the list of NCI-supported cancer clinical trials that are now accepting patients with renal cell carcinoma. For more specific results, refine the search by using other search features, such as the location of the trial, the type of treatment, or the name of the drug. Talk with your child's doctor about clinical trials that may be right for your child. General information about clinical trials is available from the NCI website.
				                
				                
				                    Rhabdoid Tumor of the Kidney
				                    There is no standard treatment for rhabdoid tumor of the kidney. Treatment may include:         - A combination of surgery, chemotherapy, and/or radiation therapy.    - A clinical trial of targeted therapy (tazemetostat).        Check the list of NCI-supported cancer clinical trials that are now accepting patients with rhabdoid tumor of the kidney. For more specific results, refine the search by using other search features, such as the location of the trial, the type of treatment, or the name of the drug. Talk with your child's doctor about clinical trials that may be right for your child. General information about clinical trials is available from the NCI website.
				                
				                
				                    Clear Cell Sarcoma of the Kidney
				                    Treatment of clear cell sarcoma of the kidney may include:         -  Nephrectomy with removal of lymph nodes followed by combination chemotherapy and radiation therapy to the abdomen.    - A clinical trial of a new treatment.        Check the list of NCI-supported cancer clinical trials that are now accepting patients with clear cell sarcoma of the kidney. For more specific results, refine the search by using other search features, such as the location of the trial, the type of treatment, or the name of the drug. Talk with your child's doctor about clinical trials that may be right for your child. General information about clinical trials is available from the NCI website.
				                
				                
				                    Congenital Mesoblastic Nephroma
				                    Treatment for congenital mesoblastic nephroma usually includes:          -  Surgery that may be followed by chemotherapy.    - A clinical trial of targeted therapy (LOXO-101 or entrectinib).        Check the list of NCI-supported cancer clinical trials that are now accepting patients with congenital mesoblastic nephroma. For more specific results, refine the search by using other search features, such as the location of the trial, the type of treatment, or the name of the drug. Talk with your child's doctor about clinical trials that may be right for your child. General information about clinical trials is available from the NCI website.
				                
				                
				                    Ewing Sarcoma of the Kidney
				                    There is no standard treatment for Ewing sarcoma of the kidney. Treatment may include:         - A combination of surgery, chemotherapy, and radiation therapy.        It may also be treated in the same way that Ewing sarcoma is treated. See the PDQ summary about Ewing Sarcoma Treatment for more information.   Check the list of NCI-supported cancer clinical trials that are now accepting patients with Ewing sarcoma/peripheral primitive neuroectodermal tumor (PNET). For more specific results, refine the search by using other search features, such as the location of the trial, the type of treatment, or the name of the drug. Talk with your child's doctor about clinical trials that may be right for your child. General information about clinical trials is available from the NCI website.
				                
				                
				                    Primary Renal Myoepithelial Carcinoma
				                    There is no standard treatment for primary renal myoepithelial carcinoma. Treatment may include:         - A combination of surgery, chemotherapy, and radiation therapy.
				                
				                
				                    Cystic Partially Differentiated Nephroblastoma
				                    Treatment of cystic partially differentiated nephroblastoma may include:         -  Surgery that may be followed by chemotherapy.
				                
				                
				                    Multilocular Cystic Nephroma
				                    Treatment of multilocular cystic nephroma usually includes:         -  Surgery.
				                
				                
				                    Primary Renal Synovial Sarcoma
				                    Treatment of primary renal synovial sarcoma usually includes:         -  Chemotherapy.
				                
				                
				                    Anaplastic Sarcoma of the Kidney
				                    There is no standard treatment for anaplastic sarcoma of the kidney. Treatment is usually the same treatment given for anaplastic Wilms tumor.
				                
				                
				                    Nephroblastomatosis (Diffuse Hyperplastic Perilobar Nephroblastomatosis)
				                    The treatment of nephroblastomatosis depends on the following:         - Whether the child has abnormal groups of cells in one or both kidneys.    - Whether the child has Wilms tumor in one kidney and groups of abnormal cells in the other kidney.        Treatment of nephroblastomatosis may include:         -  Chemotherapy followed by nephrectomy. Sometimes a partial nephrectomy may be done to keep as much kidney function as possible."
0000940,GHR,https://ghr.nlm.nih.gov/condition/spinocerebellar-ataxia-type-3,,C0024408,T047,Disorders,Azorean ataxia|Azorean disease|Machado-Joseph disease|MJD|SCA3,0000940-1,spinocerebellar ataxia type 3,information,What is (are) spinocerebellar ataxia type 3 ?,"Spinocerebellar ataxia type 3 (SCA3) is a condition characterized by progressive problems with movement. People with this condition initially experience problems with coordination and balance (ataxia). Other early signs and symptoms of SCA3 include speech difficulties, uncontrolled muscle tensing (dystonia), muscle stiffness (spasticity), rigidity, tremors, bulging eyes, and double vision. People with this condition may experience sleep disorders such as restless leg syndrome or REM sleep behavior disorder. Restless leg syndrome is a condition characterized by numbness or tingling in the legs accompanied by an urge to move the legs to stop the sensations. REM sleep behavior disorder is a condition in which the muscles are active during the dream (REM) stage of sleep, so an affected person often acts out his or her dreams. These sleep disorders tend to leave affected individuals feeling tired during the day.  Over time, individuals with SCA3 may develop loss of sensation and weakness in the limbs (peripheral neuropathy), muscle cramps, muscle twitches (fasciculations), and swallowing difficulties. Individuals with SCA3 may have problems with memory, planning, and problem solving.  Signs and symptoms of the disorder typically begin in mid-adulthood but can appear anytime from childhood to late adulthood. People with SCA3 eventually require wheelchair assistance. They usually survive 10 to 20 years after symptoms first appear."
0000138,NIDDK,http://www.niddk.nih.gov/health-information/health-topics/kidney-disease/anemia-in-kidney-disease-and-dialysis/Pages/facts.aspx,,C1561828,T047,Disorders,,0000138-3,Anemia in Chronic Kidney Disease,information,What is (are) Anemia in Chronic Kidney Disease ?,"The kidneys are two bean-shaped organs, each about the size of a fist. They are located just below the rib cage, one on each side of the spine. Every day, the kidneys filter about 120 to 150 quarts of blood to produce about 1 to 2 quarts of urine.
                
Healthy kidneys produce a hormone called erythropoietin (EPO). A hormone is a chemical produced by the body and released into the blood to help trigger or regulate particular body functions. EPO prompts the bone marrow to make red blood cells, which then carry oxygen throughout the body."
0000008,NIHSeniorHealth,http://nihseniorhealth.gov/breastcancer/toc.html,,C0006142|C0678222,T191,Disorders,,0000008-16,Breast Cancer,susceptibility,Who is at risk for Breast Cancer? ?,"Risk factors are conditions or agents that increase a person's chances of getting a disease. Here are the most common risk factors for breast cancer. - Personal and family history. A personal history of breast cancer or breast cancer among one or more of your close relatives, such as a sister, mother, or daughter.  - Estrogen levels in the body. High estrogen levels over a long time may increase the risk of breast cancer. Estrogen levels are highest during the years a woman is menstruating.  - Never being pregnant or having your first child in your mid-30s or later.  - Early menstruation. Having your first menstrual period before age 12.  -  Breast density. Women with very dense breasts have a higher risk of breast cancer than women with low or normal breast density.   -  Combination hormone replacement therapy/Hormone therapy. Estrogen, progestin, or both may be given to replace the estrogen no longer made by the ovaries in postmenopausal women or women who have had their ovaries removed. This is called hormone replacement therapy. (HRT) or hormone therapy (HT). Combination HRT/HT is estrogen combined with progestin. This type of HRT/HT can increase the risk of breast cancer.   - Exposure to radiation. Radiation therapy to the chest for the treatment of cancer can increase the risk of breast cancer, starting 10 years after treatment. Radiation therapy to treat cancer in one breast does not appear to increase the risk of cancer in the other breast.  - Obesity. Obesity increases the risk of breast cancer, especially in postmenopausal women who have not used hormone replacement therapy.   - Alcohol. Drinking alcohol increases the risk of breast cancer. The level of risk rises as the amount of alcohol consumed rises.  - Gaining weight after menopause, especially after natural menopause and/or after age 60.  - Race. White women are at greater risk than black women. However, black women diagnosed with breast cancer are more likely to die of the disease.  - Inherited gene changes. Women who have inherited certain changes in the genes named BRCA1 and BRCA2 have a higher risk of breast cancer, ovarian cancer and maybe colon cancer. The risk of breast cancer caused by inherited gene changes depends on the type of gene mutation, family history of cancer, and other factors. Men who have inherited certain changes in the BRCA2 gene have a higher risk of breast, prostate and pancreatic cancers, and lymphoma.    Five percent to 10 percent of all breast cancers are thought to be inherited.    Personal and family history. A personal history of breast cancer or breast cancer among one or more of your close relatives, such as a sister, mother, or daughter. Estrogen levels in the body. High estrogen levels over a long time may increase the risk of breast cancer. Estrogen levels are highest during the years a woman is menstruating. Never being pregnant or having your first child in your mid-30s or later. Early menstruation. Having your first menstrual period before age 12. Breast density. Women with very dense breasts have a higher risk of breast cancer than women with low or normal breast density. Combination hormone replacement therapy/Hormone therapy. Estrogen, progestin, or both may be given to replace the estrogen no longer made by the ovaries in postmenopausal women or women who have had their ovaries removed. This is called hormone replacement therapy. (HRT) or hormone therapy (HT). Combination HRT/HT is estrogen combined with progestin. This type of HRT/HT can increase the risk of breast cancer. Exposure to radiation. Radiation therapy to the chest for the treatment of cancer can increase the risk of breast cancer, starting 10 years after treatment. Radiation therapy to treat cancer in one breast does not appear to increase the risk of cancer in the other breast. Obesity. Obesity increases the risk of breast cancer, especially in postmenopausal women who have not used hormone replacement therapy. Alcohol. Drinking alcohol increases the risk of breast cancer. The level of risk rises as the amount of alcohol consumed rises. Gaining weight after menopause, especially after natural menopause and/or after age 60. Race. White women are at greater risk than black women. However, black women diagnosed with breast cancer are more likely to die of the disease. Inherited gene changes. Women who have inherited certain changes in the genes named BRCA1 and BRCA2 have a higher risk of breast cancer, ovarian cancer and maybe colon cancer. The risk of breast cancer caused by inherited gene changes depends on the type of gene mutation, family history of cancer, and other factors. Men who have inherited certain changes in the BRCA2 gene have a higher risk of breast, prostate and pancreatic cancers, and lymphoma.    Five percent to 10 percent of all breast cancers are thought to be inherited.   Get information about the BRCA1 and BRCA2 genetic mutations and testing for them. This chart shows what the approximate chances are of a woman getting invasive breast cancer in her lifetime."
0004301,GARD,https://rarediseases.info.nih.gov/gard/7158/n-acetylglutamate-synthetase-deficiency,,C0268543,T047,Disorders,Hyperammonemia due to N-Acetylglutamate Synthetase Deficiency|NAGS deficiency|NAG synthetase deficiency|N-acetyl glutamate synthetase deficiency|Urea cycle disorders,0004301-1,N-acetylglutamate synthetase deficiency,information,What is (are) N-acetylglutamate synthetase deficiency ?,"N-acetylglutamate synthase deficiency is type of urea cycle disorder. It causes toxic levels of ammonia to accumulate in the blood. Signs and symptoms in newborns may include a lack of energy, unwillingness to eat, seizures, unusual body movements, and poorly controlled breathing or body temperature. Complications may include coma, developmental delay, and learning disability. Some people have a less severe form of the deficiency with earliest symptoms manifesting later in life, particularly following high-protein meals, illness, or other stress. Signs and symptoms may include sudden vomiting, lack of coordination, confusion, and coma. N-acetylglutamate synthase deficiency is caused by mutations in the NAGS gene and is inherited in an autosomal recessive fashion."
0000837,GHR,https://ghr.nlm.nih.gov/condition/protein-c-deficiency,,C0398625,T047,Disorders,hereditary thrombophilia due to protein C deficiency|PROC deficiency,0000837-5,protein C deficiency,treatment,What are the treatments for protein C deficiency ?,"These resources address the diagnosis or management of protein C deficiency:  - Genetic Testing Registry: Thrombophilia, hereditary, due to protein C deficiency, autosomal dominant  - MedlinePlus Encyclopedia: Congenital Protein C or S Deficiency  - MedlinePlus Encyclopedia: Necrosis  - MedlinePlus Encyclopedia: Protein C  - MedlinePlus Encyclopedia: Purpura   These resources from MedlinePlus offer information about the diagnosis and management of various health conditions:  - Diagnostic Tests  - Drug Therapy  - Surgery and Rehabilitation  - Genetic Counseling   - Palliative Care"
0000022_1,CancerGov,https://www.cancer.gov/types/gestational-trophoblastic/patient/gtd-treatment-pdq,,C1135868|C2931618|C3463897,T191|T047,Disorders,,0000022_1-4,Gestational Trophoblastic Disease,exams and tests,How to diagnose Gestational Trophoblastic Disease ?,"Tests that examine the uterus are used to detect (find) and diagnose gestational trophoblastic disease. The following tests and procedures may be used:         -   Physical exam and history : An exam of the body to check general signs of health, including checking for signs of disease, such as lumps or anything else that seems unusual. A history of the patients health habits and past illnesses and treatments will also be taken.     -   Pelvic exam : An exam of the vagina, cervix, uterus, fallopian tubes, ovaries, and rectum. A speculum is inserted into the vagina and the doctor or nurse looks at the vagina and cervix for signs of disease. A Pap test of the cervix is usually done. The doctor or nurse also inserts one or two lubricated, gloved fingers of one hand into the vagina and places the other hand over the lower abdomen to feel the size, shape, and position of the uterus and ovaries. The doctor or nurse also inserts a lubricated, gloved finger into the rectum to feel for lumps or abnormal areas.    -   Ultrasound exam of the pelvis: A procedure in which high-energy sound waves (ultrasound) are bounced off internal tissues or organs in the pelvis and make echoes. The echoes form a picture of body tissues called a sonogram. Sometimes a transvaginal ultrasound (TVUS) will be done. For TVUS, an ultrasound transducer (probe) is inserted into the vagina to make the sonogram.     -   Blood chemistry studies : A procedure in which a blood sample is checked to measure the amounts of certain substances released into the blood by organs and tissues in the body. An unusual (higher or lower than normal) amount of a substance can be a sign of disease. Blood is also tested to check the liver, kidney, and bone marrow.     -   Serum tumor marker test : A procedure in which a sample of blood is checked to measure the amounts of certain substances made by organs, tissues, or tumor cells in the body. Certain substances are linked to specific types of cancer when found in increased levels in the body. These are called tumor markers. For GTD, the blood is checked for the level of beta human chorionic gonadotropin (-hCG), a hormone that is made by the body during pregnancy. -hCG in the blood of a woman who is not pregnant may be a sign of GTD.    -   Urinalysis : A test to check the color of urine and its contents, such as sugar, protein, blood, bacteria, and the level of -hCG."
0000438,MPlusHealthTopics,https://www.nlm.nih.gov/medlineplus/healthyliving.html,Other,,,,,0000438-1,Healthy Living,information,Do you have information about Healthy Living,"Summary : Many factors affect your health. Some you cannot control, such as your genetic makeup or your age. But you can make changes to your lifestyle. By taking steps toward healthy living, you can help reduce your risk of heart disease, cancer, stroke and other serious diseases:       - Get the screening tests you need    - Maintain a healthy weight    - Eat a variety of healthy foods, and limit calories and saturated fat    - Be physically active    - Control your blood pressure and cholesterol    - Don't smoke    - Protect yourself from too much sun    - Drink alcohol in moderation, or don't drink at all       Agency for Healthcare Research and Quality"
0000035,NIHSeniorHealth,http://nihseniorhealth.gov/highbloodcholesterol/toc.html,,C3842522,T033,Disorders,,0000035-21,High Blood Cholesterol,information,What is (are) High Blood Cholesterol ?,A desirable level for LDL (bad) cholesterol is under 100 mg/dL. Here are the ranges for LDL cholesterol levels. Do you know how your LDL level compares?
0000522,GHR,https://ghr.nlm.nih.gov/condition/infantile-onset-spinocerebellar-ataxia,,C1849096,T047,Disorders,"IOSCA|Ohaha syndrome|ophthalmoplegia, hypotonia, ataxia, hypacusis, and athetosis",0000522-2,infantile-onset spinocerebellar ataxia,frequency,How many people are affected by infantile-onset spinocerebellar ataxia ?,More than 20 individuals with IOSCA have been identified in Finland. A few individuals with similar symptoms have been reported elsewhere in Europe.
0000043,GHR,https://ghr.nlm.nih.gov/condition/alpha-methylacyl-coa-racemase-deficiency,,C3280428,T047,Disorders,AMACR deficiency,0000043-4,alpha-methylacyl-CoA racemase deficiency,inheritance,Is alpha-methylacyl-CoA racemase deficiency inherited ?,"This condition is inherited in an autosomal recessive pattern, which means both copies of the gene in each cell have mutations. The parents of an individual with an autosomal recessive condition each carry one copy of the mutated gene, but they typically do not show signs and symptoms of the condition."
0000241,GHR,https://ghr.nlm.nih.gov/condition/cornelia-de-lange-syndrome,,C0039082|C0270972,T019|T047,Disorders,BDLS|Brachmann-de Lange syndrome|CdLS|de Lange syndrome|typus degenerativus amstelodamensis,0000241-5,Cornelia de Lange syndrome,treatment,What are the treatments for Cornelia de Lange syndrome ?,These resources address the diagnosis or management of Cornelia de Lange syndrome:  - Gene Review: Gene Review: Cornelia de Lange Syndrome  - Genetic Testing Registry: De Lange syndrome  - MedlinePlus Encyclopedia: Autism  - MedlinePlus Encyclopedia: Microcephaly   These resources from MedlinePlus offer information about the diagnosis and management of various health conditions:  - Diagnostic Tests  - Drug Therapy  - Surgery and Rehabilitation  - Genetic Counseling   - Palliative Care
0000776,GHR,https://ghr.nlm.nih.gov/condition/partington-syndrome,,C0220775|C0796250,T047,Disorders,"MRX36|Partington-Mulley syndrome|Partington X-linked mental retardation syndrome|PRTS|X-linked intellectual deficit-dystonia-dysarthria|X-linked mental retardation with dystonic movements, ataxia, and seizures",0000776-2,Partington syndrome,frequency,How many people are affected by Partington syndrome ?,The prevalence of Partington syndrome is unknown. About 20 cases have been described in the medical literature.
0000743,GHR,https://ghr.nlm.nih.gov/condition/ocular-albinism,,C0078917,T019,Disorders,"Albinism, Ocular|OA|XLOA",0000743-5,ocular albinism,treatment,What are the treatments for ocular albinism ?,"These resources address the diagnosis or management of ocular albinism:  - Gene Review: Gene Review: Ocular Albinism, X-Linked  - Genetic Testing Registry: Albinism ocular late onset sensorineural deafness  - Genetic Testing Registry: Albinism, ocular, with sensorineural deafness  - Genetic Testing Registry: Ocular albinism, type I  - MedlinePlus Encyclopedia: Albinism   These resources from MedlinePlus offer information about the diagnosis and management of various health conditions:  - Diagnostic Tests  - Drug Therapy  - Surgery and Rehabilitation  - Genetic Counseling   - Palliative Care"
0000004,NIHSeniorHealth,http://nihseniorhealth.gov/alzheimersdisease/toc.html,,C0002395|C1521724,T046|T047,Disorders,,0000004-2,Alzheimer's Disease,causes,What causes Alzheimer's Disease ?,"There are two types of Alzheimers diseaseearly-onset and late-onset. Early-onset Alzheimers is a rare form of the disease that occurs in people age 30 to 60. It occurs in less than 5 percent of all people with Alzheimers. Almost all people with Alzheimers disease have late-onset Alzheimer's, which usually develops after age 60. Causes Not Fully Understood Scientists do not yet fully understand what causes Alzheimer's disease in most people. In early-onset Alzheimers, a genetic mutation is usually the cause. Late-onset Alzheimers arises from a complex series of brain changes that occur over decades. The causes probably include a mix of genetic, environmental, and lifestyle factors. These factors affect each person differently. Research shows that Alzheimers disease causes changes in the brain years and even decades before the first symptoms appear, so even people who seem free of the disease today may be at risk. Scientists are developing sophisticated tests to help identify who is most likely to develop symptoms of Alzheimers. Ultimately, they hope to prevent or delay dementia in these high-risk individuals. Risk Factors Some risk factors for Alzheimers, like age and genetics, cannot be controlled. Other factors that may play a role in the development of the diseasesuch as how much a person exercises or socializescan be changed. Lifestyle factors, such as diet and physical exercise, and long-term health conditions, like high blood pressure and diabetes, might also play a role in the risk of developing Alzheimers disease. For more information, see the chapter entitled Prevention. Older AgeThe Biggest Risk Factor Increasing age is the most important known risk factor for Alzheimer's disease. The number of people with the disease doubles every 5 years beyond age 65. Nearly half of people age 85 and older may have Alzheimers. These facts are significant because the number of older adults is growing. Genetics Genetics appears to play a part in both early- and late-onset Alzheimers disease. In early-onset Alzheimers, most cases are caused by specific genetic mutations permanent changes in genes that can be passed on from a parent to a child. This results in early-onset familial Alzheimers disease, or FAD. Most people with Alzheimers disease have late-onset Alzheimer's, in which symptoms appear in a persons mid-60s. No obvious family pattern is seen in most of these cases, but certain genetic factors appear to increase a persons risk. Many studies have linked the apolipoprotein E gene to late-onset Alzheimers. One form of this gene, APOE 4, increases a persons risk of getting the disease. But many people who get Alzheimers do not have the APOE 4 gene, and some people with the gene never get Alzheimers. Scientists have identified a number of other genes in addition to APOE 4 that may increase a persons risk for late-onset Alzheimers. Knowing about these genes can help researchers more effectively test possible treatments and prevention strategies in people who are at risk of developing Alzheimers -- ideally, before symptoms appear. Learn more about the genetics of Alzheimers disease."
0000139,GHR,https://ghr.nlm.nih.gov/condition/brooke-spiegler-syndrome,,C1857941,T047,Disorders,BRSS|BSS|Spiegler-Brooke syndrome,0000139-5,Brooke-Spiegler syndrome,treatment,What are the treatments for Brooke-Spiegler syndrome ?,These resources address the diagnosis or management of Brooke-Spiegler syndrome:  - Genetic Testing Registry: Spiegler-Brooke syndrome   These resources from MedlinePlus offer information about the diagnosis and management of various health conditions:  - Diagnostic Tests  - Drug Therapy  - Surgery and Rehabilitation  - Genetic Counseling   - Palliative Care
0000023_1,CancerGov,https://www.cancer.gov/types/langerhans/patient/langerhans-treatment-pdq,,C0019621,T191,Disorders,,0000023_1-2,Langerhans Cell Histiocytosis,susceptibility,Who is at risk for Langerhans Cell Histiocytosis? ?,"Anything that increases your risk of getting a disease is called a risk factor. Having a risk factor does not mean that you will get cancer; not having risk factors doesn't mean that you will not get cancer. Talk with your doctor if you think you may be at risk. Risk factors for LCH include the following:         - Having a parent who was exposed to certain chemicals such as benzene.    - Having a parent who was exposed to metal, granite, or wood dust in the workplace.    - A family history of cancer, including LCH.    -  Having infections as a newborn.    - Having a personal history or family history of thyroid disease.    - Smoking, especially in young adults.    - Being Hispanic."
0000550,GHR,https://ghr.nlm.nih.gov/condition/juvenile-polyposis-syndrome,,C0334108|C0345893,T191,Disorders,JIP|JPS|juvenile intestinal polyposis,0000550-2,juvenile polyposis syndrome,frequency,How many people are affected by juvenile polyposis syndrome ?,"Juvenile polyposis syndrome occurs in approximately 1 in 100,000 individuals worldwide."
0000132,NIDDK,http://www.niddk.nih.gov/health-information/health-topics/digestive-diseases/whipple-disease/Pages/facts.aspx,,C0023788,T047,Disorders,,0000132-5,Whipple Disease,symptoms,What are the symptoms of Whipple Disease ?,"Signs and symptoms of Whipple disease can vary widely from person to person. The most common symptoms of Whipple disease are
                
- diarrhea  - weight loss caused by malabsorption
                
A person may not have diarrhea. Instead, other signs and symptoms of Whipple disease may appear, such as
                
- abnormal yellow and white patches on the lining of the small intestine  - joint pain, with or without inflammation, that may appear off and on for years before other symptoms  - fatty or bloody stools  - abdominal cramps or bloating felt between the chest and groin  - enlarged lymph nodesthe small glands that make infection-fighting white blood cells  - loss of appetite  - fever  - fatigue, or feeling tired  - weakness  - darkening of the skin
                
People with a more advanced stage of Whipple disease may have neurologic symptomsthose related to the central nervous systemsuch as
                
- vision problems.  - memory problems or personality changes.  - facial numbness.  - headaches.  - muscle weakness or twitching.  - difficulty walking.  - hearing loss or ringing in the ears.  - dementiathe name for a group of symptoms caused by disorders that affect the brain. People with dementia may not be able to think well enough to do normal activities such as getting dressed or eating.
                
Less common symptoms of Whipple disease may include
                
- chronic cough.  - chest pain.  - pericarditisinflammation of the membrane surrounding the heart.  - heart failurea long-lasting condition in which the heart cannot pump enough blood to meet the bodys needs. Heart failure does not mean the heart suddenly stops working."
0005330,GARD,https://rarediseases.info.nih.gov/gard/1217/retinal-vasculopathy-with-cerebral-leukodystrophy,,C0023520|C2674995,T047|T033,Disorders,"Cerebroretinal vasculopathy, hereditary|CRV|Retinopathy, vascular, with cerebral and renal involvement and Raynaud and migraine phenomena|RVCL|Autosomal Dominant Retinal Vasculopathy with Cerebral Leukodystrophy|Hereditary endotheliopathy, retinopathy, nephropathy, and stroke|Hereditary vascular retinopathy",0005330-1,Retinal vasculopathy with cerebral leukodystrophy,information,What is (are) Retinal vasculopathy with cerebral leukodystrophy ?,"Retinal vasculopathy with cerebral leukodystrophy (RVCL) is a rare, genetic condition that primarily affects the central nervous system. Symptoms begin in adulthood (usually in the 40s) and may include loss of vision, mini-strokes, and dementia. Death can sometimes occur within 10 years of the first symptoms appearing. RVCL is inherited in an autosomal dominant manner and is caused by mutations in the TREX1 gene. Treatments currently aim to manage or alleviate the symptoms rather than treating the underlying cause. RVCL is now considered to include the following 3 conditions which were previously thought to be distinct: hereditary endotheliopathy, retinopathy, nephropathy, and stroke (HERNS); cerebroretinal vasculopathy (CRV); and hereditary vascular retinopathy (HVR)."
0000259,GHR,https://ghr.nlm.nih.gov/condition/cutis-laxa,,C0010495,T047,Disorders,dermatolysis|dermatomegaly,0000259-4,cutis laxa,inheritance,Is cutis laxa inherited ?,"Cutis laxa can have an autosomal dominant, autosomal recessive, or X-linked recessive pattern of inheritance.  When cutis laxa is caused by ELN mutations, it has an autosomal dominant inheritance pattern. Autosomal dominant inheritance means one copy of the altered gene in each cell is sufficient to cause the disorder. Rarely, cases of cutis laxa resulting from FBLN5 mutations can also have an autosomal dominant pattern of inheritance.  Researchers have described at least two forms of autosomal recessive cutis laxa. Type I results from mutations in the EFEMP2 or FBLN5 gene, while type II is caused by mutations in the ATP6V02 gene. Autosomal recessive inheritance means both copies of the gene in each cell have mutations. The parents of an individual with an autosomal recessive condition each carry one copy of the mutated gene, but they typically do not show signs and symptoms of the condition.  Occipital horn syndrome has an X-linked recessive pattern of inheritance. It results from mutations in the ATP7A gene, which is located on the X chromosome. The X chromosome is one of the two sex chromosomes. In males (who have only one X chromosome), one altered copy of the gene in each cell is sufficient to cause the condition. In females (who have two X chromosomes), a mutation would have to occur in both copies of the gene to cause the disorder. Because it is unlikely that females will have two altered copies of this gene, males are affected by X-linked recessive disorders much more frequently than females. A characteristic of X-linked inheritance is that fathers cannot pass X-linked traits to their sons."
0001665,GARD,https://rarediseases.info.nih.gov/gard/47/crigler-najjar-syndrome-type-1,,C0796083|C0010324,T047,Disorders,"Crigler-Najjar syndrome, type I",0001665-2,"Crigler Najjar syndrome, type 1",symptoms,"What are the symptoms of Crigler Najjar syndrome, type 1 ?","What are the signs and symptoms of Crigler Najjar syndrome, type 1? The Human Phenotype Ontology provides the following list of signs and symptoms for Crigler Najjar syndrome, type 1. If the information is available, the table below includes how often the symptom is seen in people with this condition. You can use the MedlinePlus Medical Dictionary to look up the definitions for these medical terms. Signs and Symptoms Approximate number of patients (when available) Abnormality of the liver 90% Hearing impairment 7.5% Memory impairment 7.5% Ophthalmoparesis 7.5% Seizures 7.5% Autosomal recessive inheritance - Encephalopathy - Jaundice - Kernicterus - Unconjugated hyperbilirubinemia - The Human Phenotype Ontology (HPO) has collected information on how often a sign or symptom occurs in a condition. Much of this information comes from Orphanet, a European rare disease database. The frequency of a sign or symptom is usually listed as a rough estimate of the percentage of patients who have that feature. The frequency may also be listed as a fraction. The first number of the fraction is how many people had the symptom, and the second number is the total number of people who were examined in one study. For example, a frequency of 25/25 means that in a study of 25 people all patients were found to have that symptom. Because these frequencies are based on a specific study, the fractions may be different if another group of patients are examined. Sometimes, no information on frequency is available. In these cases, the sign or symptom may be rare or common."
0000700,GARD,https://rarediseases.info.nih.gov/gard/182/best-vitelliform-macular-dystrophy,,C0339510,T047,Disorders,"Best disease|Best macular dystrophy|Macular degeneration, polymorphic vitelline|Vitelliform macular dystrophy type 2|VMD2",0000700-2,Best vitelliform macular dystrophy,symptoms,What are the symptoms of Best vitelliform macular dystrophy ?,"What are the signs and symptoms of Best vitelliform macular dystrophy? The Human Phenotype Ontology provides the following list of signs and symptoms for Best vitelliform macular dystrophy. If the information is available, the table below includes how often the symptom is seen in people with this condition. You can use the MedlinePlus Medical Dictionary to look up the definitions for these medical terms. Signs and Symptoms Approximate number of patients (when available) Abnormality of the macula 90% Visual impairment 90% Abnormality of color vision 50% Choroideremia 7.5% Visual field defect 7.5% Abnormal electroretinogram - Autosomal dominant inheritance - Cystoid macular degeneration - Macular dystrophy - Reduced visual acuity - The Human Phenotype Ontology (HPO) has collected information on how often a sign or symptom occurs in a condition. Much of this information comes from Orphanet, a European rare disease database. The frequency of a sign or symptom is usually listed as a rough estimate of the percentage of patients who have that feature. The frequency may also be listed as a fraction. The first number of the fraction is how many people had the symptom, and the second number is the total number of people who were examined in one study. For example, a frequency of 25/25 means that in a study of 25 people all patients were found to have that symptom. Because these frequencies are based on a specific study, the fractions may be different if another group of patients are examined. Sometimes, no information on frequency is available. In these cases, the sign or symptom may be rare or common."
0000183,GARD,https://rarediseases.info.nih.gov/gard/4203/agenesis-of-the-dorsal-pancreas,,C1868659,T047,Disorders,"Pancreas, dorsal, agenesis of|Pancreas agenesis, dorsal|Complete agenesis of the dorsal pancreas|Partial agenesis of the dorsal pancreas|Congenital short pancreas",0000183-2,Agenesis of the dorsal pancreas,symptoms,What are the symptoms of Agenesis of the dorsal pancreas ?,"What are the signs and symptoms of Agenesis of the dorsal pancreas? The Human Phenotype Ontology provides the following list of signs and symptoms for Agenesis of the dorsal pancreas. If the information is available, the table below includes how often the symptom is seen in people with this condition. You can use the MedlinePlus Medical Dictionary to look up the definitions for these medical terms. Signs and Symptoms Approximate number of patients (when available) Abnormality of the pancreas 90% Intrauterine growth retardation 90% Maternal diabetes 90% Type I diabetes mellitus 90% Autosomal dominant inheritance - Diabetes mellitus - The Human Phenotype Ontology (HPO) has collected information on how often a sign or symptom occurs in a condition. Much of this information comes from Orphanet, a European rare disease database. The frequency of a sign or symptom is usually listed as a rough estimate of the percentage of patients who have that feature. The frequency may also be listed as a fraction. The first number of the fraction is how many people had the symptom, and the second number is the total number of people who were examined in one study. For example, a frequency of 25/25 means that in a study of 25 people all patients were found to have that symptom. Because these frequencies are based on a specific study, the fractions may be different if another group of patients are examined. Sometimes, no information on frequency is available. In these cases, the sign or symptom may be rare or common."
0004295,GARD,https://rarediseases.info.nih.gov/gard/10633/myxopapillary-ependymoma,,C0205769,T191,Disorders,,0004295-1,Myxopapillary ependymoma,information,What is (are) Myxopapillary ependymoma ?,"Myxopapillary ependymoma (MEPN) is a slow-growing ependymoma (a type of glioma, which is a tumor that arises from the supportive tissue of the brain). They tend to occur in the lower part of the spinal column and are usually considered to be benign, low-grade or grade I tumors. The age of diagnosis ranges from 6 to 82 years. Symptoms of an ependymoma are related to the location and size of the tumor and may include nausea, vomiting, headache, pain, numbness, bowel or bladder symptoms, and various other signs and symptoms. The cause of ependymomas is unknown. They are known to recur locally (more commonly in individuals diagnosed in childhood). Treatment may vary depending on the location, grade, and whether the tumor has spread to the spine, but typically includes aggressive surgery. Management may also include chemotherapy and radiation therapy."
0000103,NIDDK,http://www.niddk.nih.gov/health-information/health-topics/digestive-diseases/gastritis/Pages/facts.aspx,,C0017152,T047,Disorders,,0000103-3,Gastritis,symptoms,What are the symptoms of Gastritis ?,"Some people who have gastritis have pain or discomfort in the upper part of the abdomenthe area between the chest and hips. However, many people with gastritis do not have any signs and symptoms. The relationship between gastritis and a person's symptoms is not clear. The term gastritis is sometimes mistakenly used to describe any symptoms of pain or discomfort in the upper abdomen.
                
When symptoms are present, they may include
                
- upper abdominal discomfort or pain  - nausea  - vomiting
                

                
Seek Help for Symptoms of Bleeding in the Stomach   Erosive gastritis may cause ulcers or erosions in the stomach lining that can bleed. Signs and symptoms of bleeding in the stomach include   - shortness of breath   - dizziness or feeling faint   - red blood in vomit   - black, tarry stools   - red blood in the stool   - weakness   - paleness    A person with any signs or symptoms of bleeding in the stomach should call or see a health care provider right away.   More information is provided in the NIDDK health topic, Bleeding in the Digestive Tract."
0000723,GHR,https://ghr.nlm.nih.gov/condition/neuroferritinopathy,,C1853578,T047,Disorders,"basal ganglia disease, adult-onset|ferritin-related neurodegeneration|hereditary ferritinopathy|NBIA3|neurodegeneration with brain iron accumulation 3",0000723-1,neuroferritinopathy,information,What is (are) neuroferritinopathy ?,"Neuroferritinopathy is a disorder in which iron gradually accumulates in the brain. Certain brain regions that help control movement (basal ganglia) are particularly affected. People with neuroferritinopathy have progressive problems with movement that begin at about age 40. These movement problems can include involuntary jerking motions (chorea), rhythmic shaking (tremor), difficulty coordinating movements (ataxia), or uncontrolled tensing of muscles (dystonia). Symptoms of the disorder may be more apparent on one side of the body than on the other. Affected individuals may also have difficulty swallowing (dysphagia) and speaking (dysarthria).  Intelligence is unaffected in most people with neuroferritinopathy, but some individuals develop a gradual decline in thinking and reasoning abilities (dementia). Personality changes such as reduced inhibitions and difficulty controlling emotions may also occur as the disorder progresses."
0000453,GHR,https://ghr.nlm.nih.gov/condition/hepatic-veno-occlusive-disease-with-immunodeficiency,,C1856128|C0012634,T047,Disorders,familial veno-occlusive disease with immunodeficiency|hepatic venoocclusive disease with immunodeficiency|veno-occlusive disease and immunodeficiency syndrome|VODI,0000453-5,hepatic veno-occlusive disease with immunodeficiency,treatment,What are the treatments for hepatic veno-occlusive disease with immunodeficiency ?,These resources address the diagnosis or management of VODI:  - Gene Review: Gene Review: Hepatic Veno-Occlusive Disease with Immunodeficiency  - Genetic Testing Registry: Hepatic venoocclusive disease with immunodeficiency   These resources from MedlinePlus offer information about the diagnosis and management of various health conditions:  - Diagnostic Tests  - Drug Therapy  - Surgery and Rehabilitation  - Genetic Counseling   - Palliative Care
0000838,GARD,https://rarediseases.info.nih.gov/gard/3212/branchiooculofacial-syndrome,,C0376524,T019|T047,Disorders,BOFS syndrome|Branchial clefts with characteristic facies growth retardation imperforate nasolacrimal duct and premature aging|Hemangiomatous branchial clefts-lip pseudocleft syndrome|Lip pseudocleft-hemangiomatous branchial cyst syndrome,0000838-4,Branchiooculofacial syndrome,exams and tests,How to diagnose Branchiooculofacial syndrome ?,"How is branchiooculofacial syndrome (BOFS) diagnosed? BOFS can be diagnosed clinically based on the characteristic features of this condition. Genetic testing can also confirm the diagnosis. GeneTests lists the names of laboratories that are performing genetic testing for branchiooculofacial syndrome. To view the contact information for the clinical laboratories conducting testing, click here. To access the contact information for the research laboratories performing genetic testing, click here. Please note: Most of the laboratories listed through GeneTests do not accept direct contact from patients and their families; therefore, if you are interested in learning more, you will need to work with a health care provider or a genetics professional."
0000020_1,CancerGov,https://www.cancer.gov/types/gallbladder/patient/gallbladder-treatment-pdq,,C0153452|C0235782,T191,Disorders,,0000020_1-5,Gallbladder Cancer,outlook,What is the outlook for Gallbladder Cancer ?,"Certain factors affect the prognosis (chance of recovery) and treatment options. The prognosis (chance of recovery) and treatment options depend on the following:          - The stage of the cancer (whether the cancer has spread from the gallbladder to other places in the body).    - Whether the cancer can be completely removed by surgery.    - The type of gallbladder cancer (how the cancer cell looks under a microscope).    - Whether the cancer has just been diagnosed or has recurred (come back).        Treatment may also depend on the age and general health of the patient and whether the cancer is causing signs or symptoms.   Gallbladder cancer can be cured only if it is found before it has spread, when it can be removed by surgery. If the cancer has spread, palliative treatment can improve the patient's quality of life by controlling the symptoms and complications of this disease.   Taking part in one of the clinical trials being done to improve treatment should be considered. Information about ongoing clinical trials is available from the NCI website."
0003986,GARD,https://rarediseases.info.nih.gov/gard/3577/methylcobalamin-deficiency-cbl-g-type,,C3844614,T033,Disorders,"Homocystinuria-megaloblastic anemia, cblG complementation type|cblG|Methionine synthase deficiency",0003986-1,Methylcobalamin deficiency cbl G type,information,What is (are) Methylcobalamin deficiency cbl G type ?,"Methylcobalamin deficiency cbl G type is a rare condition that occurs when the body is unable to process certain amino acids (building blocks of protein) properly. In most cases, signs and symptoms develop during the first year of life; however, the age of onset can range from infancy to adulthood. Common features of the condition include feeding difficulties, lethargy, seizures, poor muscle tone (hypotonia), developmental delay, microcephaly (unusually small head size), and megaloblastic anemia. Methylcobalamin deficiency cbl G type is caused by changes (mutations) in the MTR gene and is inherited in an autosomal recessive manner. Treatment generally includes regular doses of hydroxycobalamin (vitamin B12). Some affected people may also require supplementation with folates and betaine."
0000986,GARD,https://rarediseases.info.nih.gov/gard/9858/catamenial-pneumothorax,,C0340007,T047,Disorders,,0000986-2,Catamenial pneumothorax,symptoms,What are the symptoms of Catamenial pneumothorax ?,"What are the signs and symptoms of Catamenial pneumothorax? The Human Phenotype Ontology provides the following list of signs and symptoms for Catamenial pneumothorax. If the information is available, the table below includes how often the symptom is seen in people with this condition. You can use the MedlinePlus Medical Dictionary to look up the definitions for these medical terms. Signs and Symptoms Approximate number of patients (when available) Autosomal recessive inheritance - Decreased fertility - Dysmenorrhea - Endometriosis - Multifactorial inheritance - The Human Phenotype Ontology (HPO) has collected information on how often a sign or symptom occurs in a condition. Much of this information comes from Orphanet, a European rare disease database. The frequency of a sign or symptom is usually listed as a rough estimate of the percentage of patients who have that feature. The frequency may also be listed as a fraction. The first number of the fraction is how many people had the symptom, and the second number is the total number of people who were examined in one study. For example, a frequency of 25/25 means that in a study of 25 people all patients were found to have that symptom. Because these frequencies are based on a specific study, the fractions may be different if another group of patients are examined. Sometimes, no information on frequency is available. In these cases, the sign or symptom may be rare or common."
0000948,GHR,https://ghr.nlm.nih.gov/condition/spondyloperipheral-dysplasia,,C0796173,T019|T047,Disorders,SPD|spondyloperipheral dysplasia with short ulna,0000948-1,spondyloperipheral dysplasia,information,What is (are) spondyloperipheral dysplasia ?,"Spondyloperipheral dysplasia is a disorder that impairs bone growth. This condition is characterized by flattened bones of the spine (platyspondyly) and unusually short fingers and toes (brachydactyly), with the exception of the first (big) toes. Other skeletal abnormalities associated with spondyloperipheral dysplasia include short stature, shortened long bones of the arms and legs, exaggerated curvature of the lower back (lordosis), and an inward- and upward-turning foot (clubfoot). Additionally, some affected individuals have nearsightedness (myopia), hearing loss, and intellectual disability."
0006070,GARD,https://rarediseases.info.nih.gov/gard/5181/thoraco-abdominal-enteric-duplication,,C0345268,T019,Disorders,,0006070-1,Thoraco abdominal enteric duplication,symptoms,What are the symptoms of Thoraco abdominal enteric duplication ?,"What are the signs and symptoms of Thoraco abdominal enteric duplication? The Human Phenotype Ontology provides the following list of signs and symptoms for Thoraco abdominal enteric duplication. If the information is available, the table below includes how often the symptom is seen in people with this condition. You can use the MedlinePlus Medical Dictionary to look up the definitions for these medical terms. Signs and Symptoms Approximate number of patients (when available) Abnormal dermatoglyphics 90% Abnormality of the ribs 90% Abnormality of the tricuspid valve 90% Asymmetric growth 90% Camptodactyly of finger 90% Diastomatomyelia 90% Duodenal stenosis 90% Hepatomegaly 90% Intestinal malrotation 90% Meningocele 90% Respiratory insufficiency 90% Situs inversus totalis 90% The Human Phenotype Ontology (HPO) has collected information on how often a sign or symptom occurs in a condition. Much of this information comes from Orphanet, a European rare disease database. The frequency of a sign or symptom is usually listed as a rough estimate of the percentage of patients who have that feature. The frequency may also be listed as a fraction. The first number of the fraction is how many people had the symptom, and the second number is the total number of people who were examined in one study. For example, a frequency of 25/25 means that in a study of 25 people all patients were found to have that symptom. Because these frequencies are based on a specific study, the fractions may be different if another group of patients are examined. Sometimes, no information on frequency is available. In these cases, the sign or symptom may be rare or common."
0003376,GARD,https://rarediseases.info.nih.gov/gard/6829/keratosis-follicularis-spinulosa-decalvans,,C0343057,T019,Disorders,KFSD|Keratosis follicularis spinulosa decalvans cum ophiasi,0003376-2,Keratosis follicularis spinulosa decalvans,symptoms,What are the symptoms of Keratosis follicularis spinulosa decalvans ?,"What are the signs and symptoms of Keratosis follicularis spinulosa decalvans? The Human Phenotype Ontology provides the following list of signs and symptoms for Keratosis follicularis spinulosa decalvans. If the information is available, the table below includes how often the symptom is seen in people with this condition. You can use the MedlinePlus Medical Dictionary to look up the definitions for these medical terms. Signs and Symptoms Approximate number of patients (when available) Alopecia 90% Aplasia/Hypoplasia of the eyebrow 90% Hyperkeratosis 90% Ichthyosis 90% Abnormality of the fingernails 50% Blepharitis 50% Myopia 50% Opacification of the corneal stroma 50% Retinal detachment 50% Abnormality of dental color 7.5% Abnormality of dental enamel 7.5% Carious teeth 7.5% Eczema 7.5% Conjunctivitis - Corneal dystrophy - Dry skin - Dystrophic fingernails - Ectropion - Facial erythema - Follicular hyperkeratosis - Heterogeneous - Keratitis - Nail dysplasia - Palmoplantar keratoderma - Perifollicular fibrosis - Photophobia - Scarring alopecia of scalp - Sparse eyebrow - Sparse eyelashes - X-linked recessive inheritance - The Human Phenotype Ontology (HPO) has collected information on how often a sign or symptom occurs in a condition. Much of this information comes from Orphanet, a European rare disease database. The frequency of a sign or symptom is usually listed as a rough estimate of the percentage of patients who have that feature. The frequency may also be listed as a fraction. The first number of the fraction is how many people had the symptom, and the second number is the total number of people who were examined in one study. For example, a frequency of 25/25 means that in a study of 25 people all patients were found to have that symptom. Because these frequencies are based on a specific study, the fractions may be different if another group of patients are examined. Sometimes, no information on frequency is available. In these cases, the sign or symptom may be rare or common."
0000076,MPlusHealthTopics,https://www.nlm.nih.gov/medlineplus/babyhealthcheckup.html,Other,,,,,0000076-1,Baby Health Checkup,information,Do you have information about Baby Health Checkup,"Summary : There are many new responsibilities when you have a baby. One of them is to make sure they get the checkups that they need. Well-baby exams are important in making sure that your baby is growing and developing properly. If there are problems, you can catch them early. This means that there is a better chance for treatment.    During these checkups, your baby will get any needed immunizations and screenings. This is also a good chance to ask your health care provider any questions about how to care for your baby."
0000206,NIDDK,http://www.niddk.nih.gov/health-information/health-topics/urologic-disease/perineal-injury-in-males/Pages/facts.aspx,,C3544174,T037,Disorders,,0000206-8,Perineal Injury in Males,treatment,What are the treatments for Perineal Injury in Males ?,"Treatments for perineal injury vary with the severity and type of injury. Tears or incisions may require stitches. Traumatic or piercing injuries may require surgery to repair damaged pelvic floor muscles, blood vessels, and nerves. Treatment for these acute injuries may also include antibiotics to prevent infection. After a health care provider stabilizes an acute injury so blood loss is no longer a concern, a person may still face some long-term effects of the injury, such as bladder control and sexual function problems. A health care provider can treat high-flow priapism caused by a blunt injury to the perineum with medication, blockage of the burst blood vessel under x-ray guidance, or surgery.
                
In people with a chronic perineal injury, a health care provider will treat the complications of the condition. More information is provided in the NIDDK health topics:
                
- Erectile Dysfunction  - Urinary Incontinence in Men
                
More information about the lower urinary tract is provided in the NIDDK health topic, The Urinary Tract and How It Works."
0000031,GHR,https://ghr.nlm.nih.gov/condition/alexander-disease,,C0270726,T047,Disorders,Alexander's disease|ALX|AxD|demyelinogenic leukodystrophy|dysmyelinogenic leukodystrophy|fibrinoid degeneration of astrocytes|leukodystrophy with Rosenthal fibers,0000031-4,Alexander disease,inheritance,Is Alexander disease inherited ?,"This condition is inherited in an autosomal dominant pattern, which means one copy of the altered gene in each cell is sufficient to cause the disorder.  Most cases result from new mutations in the gene. These cases occur in people with no history of the disorder in their family. Rarely, an affected person inherits the mutation from one affected parent."
0000217,NINDS,http://www.ninds.nih.gov/disorders/neurotoxicity/neurotoxicity.htm,,C0235032,T037,Disorders,,0000217-4,Neurotoxicity,research,what research (or clinical trials) is being done for Neurotoxicity ?,"The NINDS supports research on disorders of the brain and nervous system such as neurotoxicity, aimed at learning more about these disorders and finding ways to prevent and treat them. Scientists are investigating the role occupational or environmental toxicants have on progressive neurodegenerative disorders such as Parkinson's disease, amyotrophic lateral sclerosis, multiple sclerosis, and dementia. Also being studied are the mechanisms that trigger neuroimmune responses in the central nervous system and the possibility that some brain disorders in children may occur when environmental triggers interact with genes."
0004185,GARD,https://rarediseases.info.nih.gov/gard/3829/multiple-endocrine-neoplasia-type-1,,C0025267|C0014132,T191,Disorders,Endocrine adenomatosis multiple|MEN 1|Wermer syndrome,0004185-5,Multiple endocrine neoplasia type 1,exams and tests,How to diagnose Multiple endocrine neoplasia type 1 ?,"Is genetic testing available for multiple endocrine neoplasia, type 1? Yes, genetic testing is available for MEN1, the gene known to cause multiple endocrine neoplasia, type 1 (MEN1). Carrier testing for at-risk relatives and prenatal testing are possible if the disease-causing mutation in the family is known. The Genetic Testing Registry (GTR) is a centralized online resource for information about genetic tests. The intended audience for the GTR is health care providers and researchers. Patients and consumers with specific questions about a genetic test should contact a health care provider or a genetics professional. How is multiple endocrine neoplasia, type 1 diagnosed? A diagnosis of multiple endocrine neoplasia, type 1 (MEN1) is based on the presence of two of the following endocrine tumors: parathyroid tumors; pituitary tumors; and/or stomach, bowel or pancreas (also called the gastro-entero-pancreatic, or GEP tract) tumors. People with only one of the tumors may also receive a diagnosis of MEN1 if they have other family members with the condition. Identification of a change (mutation) in the MEN1 gene can be used to confirm the diagnosis. In addition to a complete physical exam and medical history, laboratory tests that evaluate the levels of certain hormones in the blood or urine are often used detect the different types of tumors found in MEN1. Imaging studies such as computed tomography (CT scan), magnetic resonance imaging (MRI scan), and/or endoscopic ultrasound may be recommended to confirm the location and size of the tumors. Some people may also need a biopsy of the tumor to confirm the diagnosis."
0000036,NIHSeniorHealth,http://nihseniorhealth.gov/highbloodpressure/toc.html,,C0020538,T047,Disorders,,0000036-1,High Blood Pressure,information,What is (are) High Blood Pressure ?,"High blood pressure is a common disease in which blood flows through blood vessels (arteries) at higher than normal pressures. What Is Blood Pressure? Blood pressure is the force of blood pushing against the walls of the blood vessels as the heart pumps blood. If your blood pressure rises and stays high over time, its called high blood pressure. High blood pressure is dangerous because it makes the heart work too hard, and the high force of the blood flow can harm arteries and organs such as the heart, kidneys, brain, and eyes. Types of High Blood Pressure There are two main types of high blood pressure: primary and secondary high blood pressure. - Primary, or essential, high blood pressure is the most common type of high blood pressure. This type of high blood pressure tends to develop over years as a person ages.   - Secondary high blood pressure is caused by another medical condition or use of certain medicines. This type usually resolves after the cause is treated or removed. Primary, or essential, high blood pressure is the most common type of high blood pressure. This type of high blood pressure tends to develop over years as a person ages. Secondary high blood pressure is caused by another medical condition or use of certain medicines. This type usually resolves after the cause is treated or removed. Measuring Blood Pressure Blood pressure is always given as two numbers, the systolic and diastolic pressures. Both are important. - Systolic Pressure  is the pressure of blood against the artery walls when the heart beats.  -  Diastolic Pressure is the pressure of blood against the artery walls when the heart is at rest between beats. Systolic Pressure  is the pressure of blood against the artery walls when the heart beats.  Diastolic Pressure is the pressure of blood against the artery walls when the heart is at rest between beats. Usually these numbers are written one above or before the other -- for example, 120/80 mmHg. The top, or first, number is the systolic and the bottom, or second number, is the diastolic. If your blood pressure is 120/80, you say that it is ""120 over 80."" Normal Blood Pressure Normal blood pressure for adults is defined as a systolic pressure below 120 mmHg and a diastolic pressure below 80 mmHg. It is normal for blood pressures to change when you sleep, wake up, or are excited or nervous. When you are active, it is normal for your blood pressure to increase. However, once the activity stops, your blood pressure returns to your normal baseline range. Blood pressure normally rises with age and body size. Newborn babies often have very low blood pressure numbers that are considered normal for babies, while older teens have numbers similar to adults. Abnormal Blood Pressure Abnormal blood pressure is higher than 120/80 mmHg. If either your systolic or diastolic blood pressure is higher than normal (120/80) but not high enough to be considered high blood pressure (140/90), you have pre-hypertension. Pre-hypertension is a top number between 120 and 139 or a bottom number between 80 and 89 mmHg. For example, blood pressure readings of 138/82, 128/70, or 115/86 are all in the ""pre-hypertension"" range. (Click the table on the right to see the stages of high blood pressure in adults.) A systolic blood pressure of 140 mmHg or higher, or a diastolic blood pressure of 90 mmHg or higher, is considered high blood pressure, or hypertension. Hypertension is the medical term for high blood pressure. If you have diabetes or chronic kidney disease, your recommended blood pressure levels are a systolic blood pressure of 130 mmHg or lower, and a diastolic blood pressure of 80 mmHg or lower. Usually Has No Symptoms High blood pressure is often called ""the silent killer"" because it usually has no symptoms. Occasionally, headaches may occur. Some people may not find out they have high blood pressure until they have trouble with their heart, kidneys, or eyes. When high blood pressure is not diagnosed and treated, it can lead to other life-threatening conditions, including heart attack, heart failure, stroke, and kidney failure. It can also lead to vision changes or blindness. Possible Complications Over Time Over time, high blood pressure can cause - your heart to work too hard and become larger or weaker, which can lead to heart failure.   - small bulges (aneurysms) to worsen in your blood vessels. Common locations for aneurysms are the aorta, which is the main artery from the heart; the arteries in your brain, legs, and intestines; and the artery leading to your spleen.  - blood vessels in your kidneys to narrow, which can cause kidney failure.  - blood vessels in your eyes to burst or bleed, which can cause vision changes and can result in blindness.   - arteries throughout your body to ""harden"" faster, especially those in your heart, brain, kidneys, and legs. This can cause a heart attack, stroke, or kidney failure. your heart to work too hard and become larger or weaker, which can lead to heart failure. small bulges (aneurysms) to worsen in your blood vessels. Common locations for aneurysms are the aorta, which is the main artery from the heart; the arteries in your brain, legs, and intestines; and the artery leading to your spleen. blood vessels in your kidneys to narrow, which can cause kidney failure. blood vessels in your eyes to burst or bleed, which can cause vision changes and can result in blindness. arteries throughout your body to ""harden"" faster, especially those in your heart, brain, kidneys, and legs. This can cause a heart attack, stroke, or kidney failure."
0000042,GARD,https://rarediseases.info.nih.gov/gard/2882/achondrogenesis,,C0001079,T019,Disorders,Achondrogenesis type 1A|Achondrogenesis type 1B|Achondrogenesis type 2,0000042-1,Achondrogenesis,information,What is (are) Achondrogenesis ?,"Achondrogenesis is a group of severe disorders that are present from birth and affect the development of cartilage and bone. Infants with achondrogenesis usually have a small body, short arms and legs, and other skeletal abnormalities that cause life-threatening complications.  There are at least three forms of achondrogenesis, type 1A, type 1B and type 2, which are distinguished by signs and symptoms, pattern of inheritance, and the results of imaging studies such as x-rays (radiology), tissue analysis (histology), and genetic testing.  Type 1A and 1B achondrogenesis are both inherited in an autosomal recessive pattern.  Type 1B may be caused by mutations in the SLC26A2 gene.  Type 2 achondrogenesis is inherited in an autosomal dominant pattern and is caused by new (de novo) mutations in the COL2A1 gene."
0000022_1,CancerGov,https://www.cancer.gov/types/gestational-trophoblastic/patient/gtd-treatment-pdq,,C1135868|C2931618|C3463897,T191|T047,Disorders,,0000022_1-7,Gestational Trophoblastic Disease,treatment,What are the treatments for Gestational Trophoblastic Disease ?,"Key Points
                    -  There are different types of treatment for patients with gestational trophoblastic disease.    - Three types of standard treatment are used:         - Surgery     - Chemotherapy      - Radiation therapy         - New types of treatment are being tested in clinical trials.     - Patients may want to think about taking part in a clinical trial.    - Patients can enter clinical trials before, during, or after starting their cancer treatment.    - Follow-up tests may be needed.
                
                
                    There are different types of treatment for patients with gestational trophoblastic disease.
                    Different types of treatment are available for patients with gestational trophoblastic disease. Some treatments are standard (the currently used treatment), and some are being tested in clinical trials. Before starting treatment, patients may want to think about taking part in a clinical trial. A treatment clinical trial is a research study meant to help improve current treatments or obtain information on new treatments for patients with cancer. When clinical trials show that a new treatment is better than the standard treatment, the new treatment may become the standard treatment.   Clinical trials are taking place in many parts of the country. Information about ongoing clinical trials is available from the NCI website. Choosing the most appropriate cancer treatment is a decision that ideally involves the patient, family, and health care team.
                
                
                    Three types of standard treatment are used:
                    Surgery    The doctor may remove the cancer using one of the following operations:            -  Dilatation and curettage (D&C) with suction evacuation: A surgical procedure to remove abnormal tissue and parts of the inner lining of the uterus. The cervix is dilated and the material inside the uterus is removed with a small vacuum-like device. The walls of the uterus are then gently scraped with a curette (spoon-shaped instrument) to remove any material that may remain in the uterus. This procedure may be used for molar pregnancies.     -  Hysterectomy: Surgery to remove the uterus, and sometimes the cervix. If the uterus and cervix are taken out through the vagina, the operation is called a vaginal hysterectomy. If the uterus and cervix are taken out through a large incision (cut) in the abdomen, the operation is called a total abdominal hysterectomy. If the uterus and cervix are taken out through a small incision (cut) in the abdomen using a laparoscope, the operation is called a total laparoscopic hysterectomy.              Chemotherapy      Chemotherapy is a cancer treatment that uses drugs to stop the growth of cancer cells, either by killing the cells or by stopping them from dividing. When chemotherapy is taken by mouth or injected into a vein or muscle, the drugs enter the bloodstream and can reach cancer cells throughout the body (systemic chemotherapy). When chemotherapy is placed directly into the cerebrospinal fluid, an organ, or a body cavity such as the abdomen, the drugs mainly affect cancer cells in those areas (regional chemotherapy). The way the chemotherapy is given depends on the type and stage of the cancer being treated, or whether the tumor is low-risk or high-risk.     Combination chemotherapy is treatment using more than one anticancer drug.    Even if the doctor removes all the cancer that can be seen at the time of the surgery, some patients may be given chemotherapy after surgery to kill any tumor cells that are left. Treatment given after the surgery, to lower the risk that the cancer will come back, is called adjuvant therapy.    See Drugs Approved for Gestational Trophoblastic Disease for more information.       Radiation therapy      Radiation therapy is a cancer treatment that uses high-energy x-rays or other types of radiation to kill cancer cells or keep them from growing. There are two types of radiation therapy:            -  External radiation therapy uses a machine outside the body to send radiation toward the cancer.     -  Internal radiation therapy uses a radioactive substance sealed in needles, seeds, wires, or catheters that are placed directly into or near the cancer.           The way the radiation therapy is given depends on the type of gestational trophoblastic disease being treated. External radiation therapy is used to treat gestational trophoblastic disease.
                
                
                    New types of treatment are being tested in clinical trials.
                    Information about ongoing clinical trials is available from the NCI website.
                
                
                    Patients may want to think about taking part in a clinical trial.
                    For some patients, taking part in a clinical trial may be the best treatment choice. Clinical trials are part of the cancer research process. Clinical trials are done to find out if new cancer treatments are safe and effective or better than the standard treatment.   Many of today's standard treatments for cancer are based on earlier clinical trials. Patients who take part in a clinical trial may receive the standard treatment or be among the first to receive a new treatment.   Patients who take part in clinical trials also help improve the way cancer will be treated in the future. Even when clinical trials do not lead to effective new treatments, they often answer important questions and help move research forward.
                
                
                    Patients can enter clinical trials before, during, or after starting their cancer treatment.
                    Some clinical trials only include patients who have not yet received treatment. Other trials test treatments for patients whose cancer has not gotten better. There are also clinical trials that test new ways to stop cancer from recurring (coming back) or reduce the side effects of cancer treatment.   Clinical trials are taking place in many parts of the country. See the Treatment Options section that follows for links to current treatment clinical trials. These have been retrieved from NCI's listing of clinical trials.
                
                
                    Follow-up tests may be needed.
                    Some of the tests that were done to diagnose the cancer or to find out the stage of the cancer may be repeated. Some tests will be repeated in order to see how well the treatment is working. Decisions about whether to continue, change, or stop treatment may be based on the results of these tests.   Some of the tests will continue to be done from time to time after treatment has ended. The results of these tests can show if your condition has changed or if the cancer has recurred (come back). These tests are sometimes called follow-up tests or check-ups.    Blood levels of beta human chorionic gonadotropin (-hCG) will be checked for up to 6 months after treatment has ended. This is because a -hCG level that is higher than normal may mean that the tumor has not responded to treatment or it has become cancer.
                
		        
		            Treatment Options for Gestational Trophoblastic Disease
		            
		                
		                    Hydatidiform Moles
		                    Treatment of a hydatidiform mole may include the following:         -  Surgery (Dilatation and curettage with suction evacuation) to remove the tumor.        After surgery, beta human chorionic gonadotropin (-hCG) blood tests are done every week until the -hCG level returns to normal. Patients also have follow-up doctor visits monthly for up to 6 months. If the level of -hCG does not return to normal or increases, it may mean the hydatidiform mole was not completely removed and it has become cancer. Pregnancy causes -hCG levels to increase, so your doctor will ask you not to become pregnant until follow-up is finished.   For disease that remains after surgery, treatment is usually chemotherapy.   Check the list of NCI-supported cancer clinical trials that are now accepting patients with hydatidiform mole. For more specific results, refine the search by using other search features, such as the location of the trial, the type of treatment, or the name of the drug. Talk with your doctor about clinical trials that may be right for you. General information about clinical trials is available from the NCI website.
		                
		                
		                    Gestational Trophoblastic Neoplasia
		                    Low-risk Gestational Trophoblastic Neoplasia    Treatment of low-risk gestational trophoblastic neoplasia (GTN) (invasive mole or choriocarcinoma) may include the following:            -  Chemotherapy with one or more anticancer drugs. Treatment is given until the beta human chorionic gonadotropin (-hCG) level is normal for at least 3 weeks after treatment ends.           If the level of -hCG in the blood does not return to normal or the tumor spreads to distant parts of the body, chemotherapy regimens used for high-risk metastatic GTN are given.    Check the list of NCI-supported cancer clinical trials that are now accepting patients with low risk metastatic gestational trophoblastic tumor. For more specific results, refine the search by using other search features, such as the location of the trial, the type of treatment, or the name of the drug. Talk with your doctor about clinical trials that may be right for you. General information about clinical trials is available from the NCI website.       High-risk Metastatic Gestational Trophoblastic Neoplasia    Treatment of high-risk metastatic gestational trophoblastic neoplasia (invasive mole or choriocarcinoma) may include the following:            -  Combination chemotherapy.     -  Intrathecal chemotherapy and radiation therapy to the brain (for cancer that has spread to the lung, to keep it from spreading to the brain).     -  High-dose chemotherapy or intrathecal chemotherapy and/or radiation therapy to the brain (for cancer that has spread to the brain).           Check the list of NCI-supported cancer clinical trials that are now accepting patients with high risk metastatic gestational trophoblastic tumor. For more specific results, refine the search by using other search features, such as the location of the trial, the type of treatment, or the name of the drug. Talk with your doctor about clinical trials that may be right for you. General information about clinical trials is available from the NCI website.       Placental-Site Gestational Trophoblastic Tumors and Epithelioid Trophoblastic Tumors    Treatment of stage I placental-site gestational trophoblastic tumors and epithelioid trophoblastic tumors may include the following:            -  Surgery to remove the uterus.           Treatment of stage II placental-site gestational trophoblastic tumors and epithelioid trophoblastic tumors may include the following:            - Surgery to remove the tumor, which may be followed by combination chemotherapy.           Treatment of stage III and IV placental-site gestational trophoblastic tumors and epithelioid trophoblastic tumors may include following:            - Combination chemotherapy.     - Surgery to remove cancer that has spread to other places, such as the lung or abdomen.           Check the list of NCI-supported cancer clinical trials that are now accepting patients with placental-site gestational trophoblastic tumor and epithelioid trophoblastic tumor. For more specific results, refine the search by using other search features, such as the location of the trial, the type of treatment, or the name of the drug. Talk with your doctor about clinical trials that may be right for you. General information about clinical trials is available from the NCI website.
		                
		                
		                    Recurrent or Resistant Gestational Trophoblastic Neoplasia
		                    Treatment of recurrent or resistant gestational trophoblastic tumor may include the following:         -  Chemotherapy with one or more anticancer drugs for tumors previously treated with surgery.    -  Combination chemotherapy for tumors previously treated with chemotherapy.    - Surgery for tumors that do not respond to chemotherapy.        Check the list of NCI-supported cancer clinical trials that are now accepting patients with recurrent gestational trophoblastic tumor. For more specific results, refine the search by using other search features, such as the location of the trial, the type of treatment, or the name of the drug. Talk with your doctor about clinical trials that may be right for you. General information about clinical trials is available from the NCI website."
0000004,NIHSeniorHealth,http://nihseniorhealth.gov/alzheimersdisease/toc.html,,C0002395|C1521724,T046|T047,Disorders,,0000004-28,Alzheimer's Disease,prevention,How to prevent Alzheimer's Disease ?,"Keeping the mind sharpthrough social engagement or intellectual stimulationis associated with a lower risk of Alzheimers disease. Activities like working, volunteering, reading, going to lectures, and playing computer and other games are being studied to see if they might help prevent Alzheimers. But we do not know with certainty whether these activities can actually prevent Alzheimers.  Find out about things you can do that may keep your brain healthy."
0000625,GHR,https://ghr.nlm.nih.gov/condition/mannose-binding-lectin-deficiency,,C3280586,T047,Disorders,mannose-binding lectin protein deficiency|mannose-binding protein deficiency|MBL deficiency|MBL2 deficiency|MBP deficiency,0000625-1,mannose-binding lectin deficiency,information,What is (are) mannose-binding lectin deficiency ?,"Mannose-binding lectin deficiency is a condition that affects the immune system. People with this condition have low levels of an immune system protein called mannose-binding lectin in their blood. These individuals are prone to recurrent infections, including infections of the upper respiratory tract and other body systems. People with this condition may also contract more serious infections such as pneumonia and meningitis. Depending on the type of infection, the symptoms caused by the infections vary in frequency and severity.  Infants and young children with mannose-binding lectin deficiency seem to be more susceptible to infections, but adults can also develop recurrent infections. In addition, affected individuals undergoing chemotherapy or taking drugs that suppress the immune system are especially prone to infections."
0000036,NIDDK,http://www.niddk.nih.gov/health-information/health-topics/Diabetes/financial-help-diabetes-care/Pages/index.aspx,,C0580931|C0011860|C0011849,T047|T033,Disorders,,0000036-2,Financial Help for Diabetes Care,information,What is (are) Financial Help for Diabetes Care ?,"Health insurance helps pay for medical care, including the cost of diabetes care. Health insurance options include the following:
                
- private health insurance, which includes group and individual health insurance  - government health insurance, such as Medicare, Medicaid, the Childrens Health Insurance Program (CHIP), TRICARE, and veterans health care programs
                
Starting in 2014, the Affordable Care Act (ACA) prevents insurers from denying coverage or charging higher premiums to people with preexisting conditions, such as diabetes. The ACA also requires most people to have health insurance or pay a fee. Some people may be exempt from this fee. Read more about the ACA at HealthCare.gov or call 18003182596, TTY 18558894325."
0000455,GHR,https://ghr.nlm.nih.gov/condition/hereditary-angiopathy-with-nephropathy-aneurysms-and-muscle-cramps-syndrome,,C0042373|C0039082|C0022658|C0026821|C0002940,T047|T184,Disorders,"autosomal dominant familial hematuria, retinal arteriolar tortuosity, contractures|HANAC|HANAC syndrome|hereditary angiopathy with nephropathy, aneurysm, and muscle cramps syndrome",0000455-2,"hereditary angiopathy with nephropathy, aneurysms, and muscle cramps syndrome",frequency,"How many people are affected by hereditary angiopathy with nephropathy, aneurysms, and muscle cramps syndrome ?","HANAC syndrome is a rare condition, although the exact prevalence is unknown. At least six affected families have been described in the scientific literature."
0004262,GARD,https://rarediseases.info.nih.gov/gard/2572/myhre-syndrome,,C0796081,T047,Disorders,"Facial dysmorphism - intellectual deficit - short stature - hearing loss|Laryngotracheal stenosis, arthropathy, prognathism, and short stature|LAPS syndrome|Growth mental deficiency syndrome of Myhre",0004262-1,Myhre syndrome,information,What is (are) Myhre syndrome ?,"Myhre syndrome is a rare inherited disorder characterized by intellectual disability, short stature, unusual facial features, and various bone (skeletal) abnormalities. Other findings may include hearing impairment, abnormal enlargement of the muscles (muscle hypertrophy), and/or joint stiffness. Myhre syndrome is caused by mutations in the SMAD4 gene. This condition is inherited in an autosomal dominant pattern. Most cases are due to a new mutation."
0000525,GHR,https://ghr.nlm.nih.gov/condition/intrahepatic-cholestasis-of-pregnancy,,C0268318,T047,Disorders,obstetric cholestasis|pregnancy-related cholestasis|recurrent intrahepatic cholestasis of pregnancy,0000525-2,intrahepatic cholestasis of pregnancy,frequency,How many people are affected by intrahepatic cholestasis of pregnancy ?,"Intrahepatic cholestasis of pregnancy is estimated to affect 1 percent of women of Northern European ancestry. The condition is more common in certain populations, such as women of Araucanian Indian ancestry in Chile or women of Scandinavian ancestry. This condition is found less frequently in other populations."
0002594,GARD,https://rarediseases.info.nih.gov/gard/9265/glucose-transporter-type-1-deficiency-syndrome,,C1847501,T047,Disorders,"GLUT1 deficiency syndrome|Encephalopathy due to GLUT1 deficiency|Glucose transport defect, blood-brain barrier|De Vivo disease|GLUT-1 deficiency syndrome",0002594-2,Glucose transporter type 1 deficiency syndrome,symptoms,What are the symptoms of Glucose transporter type 1 deficiency syndrome ?,"What are the signs and symptoms of Glucose transporter type 1 deficiency syndrome? The most common form of glucose transporter type 1 deficiency syndrome (GLUT1 deficiency syndrome), called the classic type, may be characterized by: Recurrent seizures (epilepsy) beginning in the first months of life Microcephaly (unusually small head size) that develops after birth Developmental delay Intellectual disability Speech and language impairment Movement abnormalities (i.e. involuntary eye movements, spasticity, ataxia, dystonia) Behavioral problems Other signs and symptoms may include headaches, confusion, loss of energy and/or myoclonus (muscle twitches). Approximately 10% of affected people have the non-epileptic form of GLUT1 deficiency syndrome. This form is associated with all the typical symptoms of the condition without seizures. The Human Phenotype Ontology provides the following list of signs and symptoms for Glucose transporter type 1 deficiency syndrome. If the information is available, the table below includes how often the symptom is seen in people with this condition. You can use the MedlinePlus Medical Dictionary to look up the definitions for these medical terms. Signs and Symptoms Approximate number of patients (when available) Seizures 75% Autosomal recessive inheritance 5% Abnormality of metabolism/homeostasis - Ataxia - Autosomal dominant inheritance - Babinski sign - Choreoathetosis - Confusion - Delayed speech and language development - Dysarthria - EEG abnormality - Hemiparesis - Hyperreflexia - Hypoglycorrhachia - Infantile onset - Intellectual disability - Myoclonus - Paralysis - Paroxysmal dystonia - Paroxysmal involuntary eye movements - Paroxysmal lethargy - Phenotypic variability - Postnatal microcephaly - Sleep disturbance - Spasticity - Specific learning disability - The Human Phenotype Ontology (HPO) has collected information on how often a sign or symptom occurs in a condition. Much of this information comes from Orphanet, a European rare disease database. The frequency of a sign or symptom is usually listed as a rough estimate of the percentage of patients who have that feature. The frequency may also be listed as a fraction. The first number of the fraction is how many people had the symptom, and the second number is the total number of people who were examined in one study. For example, a frequency of 25/25 means that in a study of 25 people all patients were found to have that symptom. Because these frequencies are based on a specific study, the fractions may be different if another group of patients are examined. Sometimes, no information on frequency is available. In these cases, the sign or symptom may be rare or common."
0004668,GARD,https://rarediseases.info.nih.gov/gard/7300/pachygyria,,C0266483,T019|T047,Disorders,"Macrogyria|Broad gyri of cerebrum|Large gyri of cerebrum|Pachygyria with mental retardation and seizures|Pachygyria, frontotemporal",0004668-2,Pachygyria,symptoms,What are the symptoms of Pachygyria ?,"What are the signs and symptoms of pachygyria? Signs and symptoms of pachygyria vary among affected people and can depend on the extent of the abnormality. They often include poor muscle tone and motor function; seizures; developmental delays; intellectual disability; failure to grow and thrive; difficulties with feeding or swallowing; swelling in the extremities; and small head size (microcephaly). Most infants appear physically normal, but some conditions associated with pachygyria cause distinctive facial or skull characteristics."
0000116,GHR,https://ghr.nlm.nih.gov/condition/benign-essential-blepharospasm,,C2930898,T047,Disorders,essential blepharospasm|eyelid twitching|primary blepharospasm|spasm of eyelids,0000116-3,benign essential blepharospasm,genetic changes,What are the genetic changes related to benign essential blepharospasm ?,"The causes of benign essential blepharospasm are unknown, although the disorder likely results from a combination of genetic and environmental factors. Certain genetic changes probably increase the likelihood of developing this condition, and environmental factors may trigger the signs and symptoms in people who are at risk.  Studies suggest that this condition may be related to other forms of adult-onset dystonia, including uncontrolled twisting of the neck muscles (spasmodic torticollis) and spasms of the hand and finger muscles (writer's cramp). Researchers suspect that benign essential blepharospasm and similar forms of dystonia are associated with malfunction of the basal ganglia, which are structures deep within the brain that help start and control movement.  Although genetic factors are almost certainly involved in benign essential blepharospasm, no genes have been clearly associated with the condition. Several studies have looked at the relationship between common variations (polymorphisms) in the DRD5 and TOR1A genes and the risk of developing benign essential blepharospasm. These studies have had conflicting results, with some showing an association and others finding no connection. Researchers are working to determine which genetic factors are related to this disorder."
0002249,GARD,https://rarediseases.info.nih.gov/gard/9843/familial-erythrocytosis-1,,C0032461|C0152264|C1527405,T047,Disorders,"Erythrocytosis familial, 1|ECYT1|Polycythemia, primary familial and congenital|PFCP|Erythrocytosis autosomal dominant benign",0002249-1,"Familial erythrocytosis, 1",symptoms,"What are the symptoms of Familial erythrocytosis, 1 ?","What are the signs and symptoms of Familial erythrocytosis, 1? The Human Phenotype Ontology provides the following list of signs and symptoms for Familial erythrocytosis, 1. If the information is available, the table below includes how often the symptom is seen in people with this condition. You can use the MedlinePlus Medical Dictionary to look up the definitions for these medical terms. Signs and Symptoms Approximate number of patients (when available) Abnormality of erythrocytes 90% Abnormality of the heme biosynthetic pathway 90% Epistaxis 90% Migraine 90% Respiratory insufficiency 90% Thrombophlebitis 90% Vertigo 90% Abdominal pain 50% Arthralgia 50% Pruritus 50% Abnormality of coagulation 7.5% Apnea 7.5% Cerebral ischemia 7.5% Autosomal dominant inheritance - Cerebral hemorrhage - Exertional dyspnea - Fatigue - Headache - Hypertension - Increased hematocrit - Increased hemoglobin - Increased red blood cell mass - Myocardial infarction - Peripheral thrombosis - Plethora - Splenomegaly - The Human Phenotype Ontology (HPO) has collected information on how often a sign or symptom occurs in a condition. Much of this information comes from Orphanet, a European rare disease database. The frequency of a sign or symptom is usually listed as a rough estimate of the percentage of patients who have that feature. The frequency may also be listed as a fraction. The first number of the fraction is how many people had the symptom, and the second number is the total number of people who were examined in one study. For example, a frequency of 25/25 means that in a study of 25 people all patients were found to have that symptom. Because these frequencies are based on a specific study, the fractions may be different if another group of patients are examined. Sometimes, no information on frequency is available. In these cases, the sign or symptom may be rare or common."
0000160,NIDDK,http://www.niddk.nih.gov/health-information/health-topics/kidney-disease/medullary-sponge-kidney-msk/Pages/index.aspx,,C0022681,T019|T047,Disorders,,0000160-12,Medullary Sponge Kidney,considerations,What to do for Medullary Sponge Kidney ?,"- Medullary sponge kidney, also known as Cacchi-Ricci disease, is a birth defect where changes occur in the tubules, or tiny tubes, inside a fetus kidneys.  - Symptoms of medullary sponge kidney do not usually appear until the teenage years or the 20s. Medullary sponge kidney can affect one or both kidneys.  - Complications of medullary sponge kidney include      - hematuria, or blood in the urine    - kidney stones    - urinary tract infections (UTIs)    - Many people with medullary sponge kidney have no symptoms. The first sign that a person has medullary sponge kidney is usually a UTI or a kidney stone. UTIs and kidney stones share many of the same signs and symptoms:      - burning or painful urination    - pain in the back, lower abdomen, or groin    - cloudy, dark, or bloody urine    - foul-smelling urine    - fever and chills    - vomiting    - Health care providers commonly choose one or more of three imaging techniques to diagnose medullary sponge kidney:      - intravenous pyelogram    - computerized tomography (CT) scan    - ultrasound    - Scientists have not discovered a way to reverse medullary sponge kidney. Once a health care provider is sure a person has medullary sponge kidney, treatment focuses on      - curing an existing UTI    - removing any kidney stones    - Scientists have not yet found a way to prevent medullary sponge kidney. However, health care providers can recommend medications and dietary changes to prevent future UTIs and kidney stones."
0000084,GHR,https://ghr.nlm.nih.gov/condition/atopic-dermatitis,,C0013595|C0011615,T047,Disorders,atopic eczema,0000084-5,atopic dermatitis,treatment,What are the treatments for atopic dermatitis ?,These resources address the diagnosis or management of atopic dermatitis:  - American Academy of Dermatology: Atopic Dermatitis: Tips for Managing   These resources from MedlinePlus offer information about the diagnosis and management of various health conditions:  - Diagnostic Tests  - Drug Therapy  - Surgery and Rehabilitation  - Genetic Counseling   - Palliative Care
0000957,GHR,https://ghr.nlm.nih.gov/condition/stuve-wiedemann-syndrome,,C0004903,T019|T047,Disorders,neonatal Schwartz-Jampel syndrome|Schwartz-Jampel type 2 syndrome|SJS2|Stuve-Wiedemann dysplasia|Stuve-Wiedemann syndrome|Stuve-Wiedemann/Schwartz-Jampel type 2 syndrome|STWS|SWS,0000957-4,Stve-Wiedemann syndrome,inheritance,Is Stve-Wiedemann syndrome inherited ?,"This condition is inherited in an autosomal recessive pattern, which means both copies of the gene in each cell have mutations. The parents of an individual with an autosomal recessive condition each carry one copy of the mutated gene, but they typically do not show signs and symptoms of the condition."
0000871,GHR,https://ghr.nlm.nih.gov/condition/retinitis-pigmentosa,,C0035334,T047,Disorders,pigmentary retinopathy|rod-cone dystrophy|RP|tapetoretinal degeneration,0000871-2,retinitis pigmentosa,frequency,How many people are affected by retinitis pigmentosa ?,"Retinitis pigmentosa is one of the most common inherited diseases of the retina (retinopathies). It is estimated to affect 1 in 3,500 to 1 in 4,000 people in the United States and Europe."
0001026,GHR,https://ghr.nlm.nih.gov/condition/walker-warburg-syndrome,,C0265221,T019|T047,Disorders,"cerebroocular dysplasia-muscular dystrophy syndrome|Chemke syndrome|COD-MD syndrome|HARD syndrome|hydrocephalus, agyria, and retinal dysplasia|Walker-Warburg congenital muscular dystrophy",0001026-3,Walker-Warburg syndrome,genetic changes,What are the genetic changes related to Walker-Warburg syndrome ?,"Walker-Warburg syndrome can be caused by mutations in one of several genes, including POMT1, POMT2, ISPD, FKTN, FKRP, and LARGE. The proteins produced from these genes modify another protein called alpha ()-dystroglycan; this modification, called glycosylation, is required for -dystroglycan to function. The -dystroglycan protein helps anchor the structural framework inside each cell (cytoskeleton) to the lattice of proteins and other molecules outside the cell (extracellular matrix). In skeletal muscles, the anchoring function of -dystroglycan helps stabilize and protect muscle fibers. In the brain, it helps direct the movement (migration) of nerve cells (neurons) during early development.  Mutations in these genes prevent glycosylation of -dystroglycan, which disrupts its normal function. Without functional -dystroglycan to stabilize muscle cells, muscle fibers become damaged as they repeatedly contract and relax with use. The damaged fibers weaken and die over time, leading to progressive weakness of the skeletal muscles.  Defective -dystroglycan also affects the migration of neurons during the early development of the brain. Instead of stopping when they reach their intended destinations, some neurons migrate past the surface of the brain into the fluid-filled space that surrounds it. Researchers believe that this problem with neuronal migration causes cobblestone lissencephaly in children with Walker-Warburg syndrome. Less is known about the effects of the gene mutations in other parts of the body, including the eyes.  Mutations in the POMT1, POMT2, ISPD, FKTN, FKRP, and LARGE genes are found in only about half of individuals with Walker-Warburg syndrome. Other genes, some of which have not been identified, are likely involved in the development of this condition.  Because Walker-Warburg syndrome involves a malfunction of -dystroglycan, this condition is classified as a dystroglycanopathy."
0001851,GARD,https://rarediseases.info.nih.gov/gard/10334/diffuse-gastric-cancer,,C0024623|C0699791,T191,Disorders,Signet cell adenocarcinoma|Signet ring gastric carcinoma|Signet ring cell carcinoma|Signet ring cell gastric carcinoma,0001851-3,Diffuse gastric cancer,causes,What causes Diffuse gastric cancer ?,"Can diffuse gastric cancer be caused by excessive drinking? Most of the time the exact cause of gastric cancer can not be determined; however there are many different factors that may put someone at an increased risk for developing stomach cancer. While it isn't clear if alcohol alone can increase this risk, it is thought that regular drinking may increase the risk in smokers. You can visit the following information pages develped by the National Cancer Insitute and Cancer Research UK to learn more about these risks. http://www.cancer.gov/cancertopics/wyntk/stomach/page4 http://www.cancerhelp.org.uk/help/default.asp?page=3903"
0000974,GHR,https://ghr.nlm.nih.gov/condition/tetrahydrobiopterin-deficiency,,C0751436,T047,Disorders,"BH4 deficiency|hyperphenylalaninemia caused by a defect in biopterin metabolism|hyperphenylalaninemia, non-phenylketonuric|non-phenylketonuric hyperphenylalaninemia",0000974-4,tetrahydrobiopterin deficiency,inheritance,Is tetrahydrobiopterin deficiency inherited ?,"This condition is inherited in an autosomal recessive pattern, which means both copies of the gene in each cell have mutations. The parents of an individual with an autosomal recessive condition each carry one copy of the mutated gene, but they typically do not show signs and symptoms of the condition."
0000647,MPlusHealthTopics,https://www.nlm.nih.gov/medlineplus/newbornscreening.html,Other,,,,,0000647-1,Newborn Screening,information,Do you have information about Newborn Screening,"Summary : Your newborn infant has screening tests before leaving the hospital. There may be different tests depending on the state where you live. They include       - Tests on a few drops of blood from pricking the baby's heel. The tests look for inherited disorders. All states test for at least 30 of these conditions.    - A hearing test that measures the baby's response to sound    - A skin test that measures the level of oxygen in the blood. This can tell if the baby has a congenital heart defect.       These tests look for serious medical conditions. If not treated, some of these conditions can cause lifelong health problems. Others can cause early death. With early diagnosis, treatment can begin right away, before serious problems can occur or become permanent.    If a screening shows that your baby might have a condition, the health care provider or the state health department will call you. It is important to follow up quickly. Further testing can verify whether your baby has the condition. If so, treatment should start right away.     NIH: National Institute of Child Health and Human Development"
0000022,NHLBI,http://www.nhlbi.nih.gov/health/health-topics/topics/bpd,,C0006287,T047,Disorders,,0000022-3,Bronchopulmonary Dysplasia,causes,What causes Bronchopulmonary Dysplasia ?,"Bronchopulmonary dysplasia (BPD) develops as a result of an infant's lungs becoming irritated or inflamed.
                
The lungs of premature infants are fragile and often aren't fully developed. They can easily be irritated or injured within hours or days of birth. Many factors can damage premature infants' lungs.
                
Ventilation
                
Newborns who have breathing problems or can't breathe on their own may need ventilator support. Ventilators are machines that use pressure to blow air into the airways and lungs.
                
Although ventilator support can help premature infants survive, the machine's pressure might irritate and harm the babies' lungs. For this reason, doctors only recommend ventilator support when necessary.
                
High Levels of Oxygen
                
Newborns who have breathing problems might need oxygen therapy (oxygen given through nasal prongs, a mask, or a breathing tube). This treatment helps the infants' organs get enough oxygen to work well.
                
However, high levels of oxygen can inflame the lining of the lungs and injure the airways. Also, high levels of oxygen can slow lung development in premature infants.
                
Infections
                
Infections can inflame the lungs. As a result, the airways narrow, which makes it harder for premature infants to breathe. Lung infections also increase the babies' need for extra oxygen and breathing support.
                
Heredity
                
Studies show that heredity may play a role in causing BPD. More studies are needed to confirm this finding."
0000762,GHR,https://ghr.nlm.nih.gov/condition/otopalatodigital-syndrome-type-2,,C0039082|C1844696,T019|T047,Disorders,"cranioorodigital syndrome|faciopalatoosseous syndrome|FPO|OPD syndrome, type 2|oto-palato-digital syndrome, type II|Taybi syndrome",0000762-5,otopalatodigital syndrome type 2,treatment,What are the treatments for otopalatodigital syndrome type 2 ?,"These resources address the diagnosis or management of otopalatodigital syndrome type 2:  - Gene Review: Gene Review: Otopalatodigital Spectrum Disorders  - Genetic Testing Registry: Oto-palato-digital syndrome, type II   These resources from MedlinePlus offer information about the diagnosis and management of various health conditions:  - Diagnostic Tests  - Drug Therapy  - Surgery and Rehabilitation  - Genetic Counseling   - Palliative Care"
0006462,GARD,https://rarediseases.info.nih.gov/gard/7898/wolfram-syndrome,,C0043207,T047,Disorders,WFS|Diabetes insipidus and mellitus with optic atrophy and deafness|DIDMOAD|DIDMOAD syndrome,0006462-4,Wolfram syndrome,inheritance,Is Wolfram syndrome inherited ?,"Is Wolfram syndrome inherited? Wolfram syndrome is inherited in an autosomal recessive manner. This means that to be affected, a person must have a mutation in both copies of the responsible gene in each cell. The parents of an affected person usually each carry one mutated copy of the gene and are referred to as carriers. Carriers typically do not show signs or symptoms of the condition. When two carriers of an autosomal recessive condition have children, each child has a 25% (1 in 4) risk to have the condition, a 50% (1 in 2) risk to be a carrier like each of the parents, and a 25% chance to not have the condition and not be a carrier."
0000329,GHR,https://ghr.nlm.nih.gov/condition/essential-thrombocythemia,,C0040028,T047,Disorders,essential thrombocytosis|primary thrombocythemia|primary thrombocytosis,0000329-4,essential thrombocythemia,inheritance,Is essential thrombocythemia inherited ?,"Most cases of essential thrombocythemia are not inherited. Instead, the condition arises from gene mutations that occur in early blood-forming cells after conception. These alterations are called somatic mutations.  Less commonly, essential thrombocythemia is inherited in an autosomal dominant pattern, which means one copy of the altered gene in each cell is sufficient to cause the disorder. When it is inherited, the condition is called familial essential thrombocythemia."
0001930,GARD,https://rarediseases.info.nih.gov/gard/10691/duane-syndrome-type-3,,C0013261,T047,Disorders,Duane retraction syndrome 3|Duane syndrome,0001930-2,Duane syndrome type 3,symptoms,What are the symptoms of Duane syndrome type 3 ?,"What are the signs and symptoms of Duane syndrome type 3? The Human Phenotype Ontology provides the following list of signs and symptoms for Duane syndrome type 3. If the information is available, the table below includes how often the symptom is seen in people with this condition. You can use the MedlinePlus Medical Dictionary to look up the definitions for these medical terms. Signs and Symptoms Approximate number of patients (when available) Ophthalmoparesis 90% Strabismus 90% Anteverted nares 50% Blepharophimosis 50% Deeply set eye 50% Abnormal form of the vertebral bodies 7.5% Abnormal localization of kidney 7.5% Abnormality of the pupil 7.5% Aplasia/Hypoplasia of the iris 7.5% Aplasia/Hypoplasia of the radius 7.5% Aplasia/Hypoplasia of the thumb 7.5% Brachydactyly syndrome 7.5% Chorioretinal coloboma 7.5% Cleft palate 7.5% Cognitive impairment 7.5% External ear malformation 7.5% Hearing impairment 7.5% Heterochromia iridis 7.5% Microcephaly 7.5% Nystagmus 7.5% Optic atrophy 7.5% Ptosis 7.5% Seizures 7.5% Short neck 7.5% Talipes 7.5% Visual impairment 7.5% Wide nasal bridge 7.5% Autosomal dominant inheritance - Congenital strabismus - Duane anomaly - Impaired convergence - Impaired ocular abduction - Impaired ocular adduction - Palpebral fissure narrowing on adduction - The Human Phenotype Ontology (HPO) has collected information on how often a sign or symptom occurs in a condition. Much of this information comes from Orphanet, a European rare disease database. The frequency of a sign or symptom is usually listed as a rough estimate of the percentage of patients who have that feature. The frequency may also be listed as a fraction. The first number of the fraction is how many people had the symptom, and the second number is the total number of people who were examined in one study. For example, a frequency of 25/25 means that in a study of 25 people all patients were found to have that symptom. Because these frequencies are based on a specific study, the fractions may be different if another group of patients are examined. Sometimes, no information on frequency is available. In these cases, the sign or symptom may be rare or common."
0000048,NIDDK,http://www.niddk.nih.gov/health-information/health-topics/Diabetes/your-guide-diabetes/Pages/monitor.aspx,,C0011860|C0011849,T047,Disorders,,0000048-2,Monitor Your Diabetes,information,What is (are) Monitor Your Diabetes ?,"Sometimes, no matter how hard you try to keep your blood glucose levels in your target range, they will be too high or too low. Blood glucose thats too high or too low can make you feel sick. If you try to control your high or low blood glucose and cant, you may become even sicker and need help. Talk with your doctor to learn how to handle these emergencies.
                
Learn about High Blood Glucose Levels
                
If your blood glucose levels stay above 180 for more than 1 to 2 hours, they may be too high. See the ""Daily Diabetes Record Page."" High blood glucose, also called hyperglycemia, means you dont have enough insulin in your body. High blood glucose can happen if you
                
- miss taking your diabetes medicines  - eat too much  - dont get enough physical activity  - have an infection  - get sick  - are stressed  - take medicines that can cause high blood glucose
                
Be sure to tell your doctor about other medicines you take. When youre sick, be sure to check your blood glucose levels and keep taking your diabetes medicines. Read more about how to take care of yourself when youre sick in the section Take Care of Your Diabetes during Special Times or Events.
                
Signs that your blood glucose levels may be too high are the following:
                
- feeling thirsty  - feeling weak or tired  - headaches  - urinating often  - having trouble paying attention  - blurry vision  - yeast infections
                
Very high blood glucose may also make you feel sick to your stomach.
                
If your blood glucose levels are high much of the time, or if you have symptoms of high blood glucose, call your doctor. You may need a change in your healthy eating plan, physical activity plan, or medicines.
                
Learn about Low Blood Glucose Levels
                
If your blood glucose levels drop below 70, you have low blood glucose, also called hypoglycemia. Low blood glucose can come on fast and can be caused by
                
- taking too much diabetes medicine  - missing or delaying a meal  - being more physically active than usual  - drinking alcoholic beverages
                
Sometimes, medicines you take for other health problems can cause your blood glucose levels to drop.
                
Signs your blood glucose levels may be too low are the following:
                
- hunger  - dizziness or shakiness  - confusion  - being pale  - sweating more  - weakness  - anxiety or moodiness  - headaches  - a fast heartbeat
                
If your blood glucose levels drop lower, you could have severe hypoglycemia, where you pass out or have a seizure. A seizure occurs when cells in the brain release a rush of energy that can cause changes in behavior or muscle contractions. Some seizures are life threatening.
                
If you have any of these symptoms, check your blood glucose levels. If your blood glucose levels are less than 70, have one of the following right away:
                
- three or four glucose tablets  - one serving of glucose gelthe amount equal to 15 grams of carbohydrates  - 1/2 cup, or 4 ounces, of fruit juice  - 1/2 cup, or 4 ounces, of a regularnondietsoft drink  - 1 cup, or 8 ounces, of milk  - five or six pieces of hard candy  - 1 tablespoon of sugar, syrup, or honey
                
After 15 minutes, check your blood glucose levels again. Repeat these steps until your blood glucose levels are 70 or above. If it will be at least 1 hour before your next meal, eat a snack.
                
If you take diabetes medicines that can cause low blood glucose, always carry food for emergencies. You should also wear a medical identification bracelet or necklace that says you have diabetes.
                
If you take insulin, keep a prescription glucagon kit at home and at other places where you often go. A glucagon kit has a vial of glucagon, a syringe, and a needle to inject the glucagon. Given as a shot, the glucagon quickly raises blood glucose. If you have severe hypoglycemia, youll need someone to help bring your blood glucose levels back to normal by giving you a glucagon shot. Show your family, friends, and coworkers how to give you a glucagon shot when you have severe hypoglycemia. Someone should call 911 for help if a glucagon kit is not available.
                
Action Steps If You Take Insulin     - Tell your doctor if you have low blood glucose, especially at the same time of the day or night, several times in a row.   - Tell your doctor if youve passed out from low blood glucose.   - Ask your doctor about glucagon. Glucagon is a medicine that raises blood glucose.   - Show your family, friends, and coworkers how to give you a glucagon shot when you have severe hypoglycemia.   - When you have severe hypoglycemia, someone should call 911 for help if a glucagon shot is not available.
                

                
Action Steps If You Don't Take Insulin     - Tell your doctor if you have low blood glucose, especially at the same time of the day or night, several times in a row.   - Tell your doctor about other medicines you are taking.   - Ask your doctor whether your diabetes medicines might cause low blood glucose.
                
More information is provided in the NIDDK health topic, Hypoglycemia.
                

                
Go to Prevent Diabetes Problems
                
Return to Take Care of Your Diabetes Each Day
                

                
This content is provided as a service of the National Institute of Diabetes and Digestive and Kidney Diseases (NIDDK), part of the National Institutes of Health. The NIDDK translates and disseminates research findings through its clearinghouses and education programs to increase knowledge and understanding about health and disease among patients, health professionals, and the public. Content produced by the NIDDK is carefully reviewed by NIDDK scientists and other experts.
                
The NIDDK would like to thank: Michael L. Parchman, M.D., M.P.H., F.A.A.F.P., MacColl Center for Health Care Innovation, Group Health Research Institute; Marion J. Franz, M.S., R.D., L.D., C.D.E., Minneapolis, Minnesota
                
This information is not copyrighted. The NIDDK encourages people to share this content freely.
                

                

                
February 2014"
0004885,GARD,https://rarediseases.info.nih.gov/gard/9452/pilomatrixoma,,C0206711,T191,Disorders,Pilomatricoma|PTR|Calcifying epithelioma of Malherbe,0004885-4,Pilomatrixoma,inheritance,Is Pilomatrixoma inherited ?,"Is a pilomatrixoma inherited? Most isolated (without other signs and symptoms) pilomatrixomas are not inherited. However, more than one family member can rarely be affected, which suggests there may be a hereditary component in some cases. Rarely, pilomatrixomas occur in people with certain genetic syndromes such as Gardner syndrome, myotonic dystrophy, and Rubinstein-Taybi syndrome. In these cases, affected people usually have other characteristic signs and symptoms of the associated condition. All three of these conditions are inherited in an autosomal dominant manner. In some cases, an affected person inherits the mutation from an affected parent. Other cases may result from new (de novo) mutations in the gene. These cases occur in people with no history of the disorder in their family."
0000224,GHR,https://ghr.nlm.nih.gov/condition/congenital-fiber-type-disproportion,,C0546264,T019,Disorders,CFTD|CFTDM|congenital myopathy with fiber type disproportion,0000224-3,congenital fiber-type disproportion,genetic changes,What are the genetic changes related to congenital fiber-type disproportion ?,"Mutations in multiple genes can cause congenital fiber-type disproportion. Mutations in the TPM3, RYR1 and ACTA1 genes cause 35 to 50 percent of cases, while mutations in other genes, some known and some unidentified, are responsible for the remaining cases.  The genes that cause congenital fiber-type disproportion provide instructions for making proteins that are involved in the tensing of muscle fibers (muscle contraction). Changes in these proteins lead to impaired muscle contraction, resulting in muscle weakness.  Skeletal muscle is made up of two types of muscle fibers: type I (slow twitch fibers) and type II (fast twitch fibers). Normally, type I and type II fibers are the same size. In people with congenital fiber-type disproportion, type I skeletal muscle fibers are significantly smaller than type II skeletal muscle fibers. It is unclear whether the small type I skeletal muscle fibers lead to muscle weakness or are caused by muscle weakness in people with congenital fiber-type disproportion."
0003739,GARD,https://rarediseases.info.nih.gov/gard/9887/macular-dystrophy-concentric-annular,,C0333606|C1828210,T046|T033,Disorders,"MCDCA|Maculopathy, bull's eye",0003739-1,"Macular dystrophy, concentric annular",symptoms,"What are the symptoms of Macular dystrophy, concentric annular ?","What are the signs and symptoms of Macular dystrophy, concentric annular? The Human Phenotype Ontology provides the following list of signs and symptoms for Macular dystrophy, concentric annular. If the information is available, the table below includes how often the symptom is seen in people with this condition. You can use the MedlinePlus Medical Dictionary to look up the definitions for these medical terms. Signs and Symptoms Approximate number of patients (when available) Autosomal dominant inheritance - Dyschromatopsia - Foveal hyperpigmentation - Macular dystrophy - The Human Phenotype Ontology (HPO) has collected information on how often a sign or symptom occurs in a condition. Much of this information comes from Orphanet, a European rare disease database. The frequency of a sign or symptom is usually listed as a rough estimate of the percentage of patients who have that feature. The frequency may also be listed as a fraction. The first number of the fraction is how many people had the symptom, and the second number is the total number of people who were examined in one study. For example, a frequency of 25/25 means that in a study of 25 people all patients were found to have that symptom. Because these frequencies are based on a specific study, the fractions may be different if another group of patients are examined. Sometimes, no information on frequency is available. In these cases, the sign or symptom may be rare or common."
0000165,NIDDK,http://www.niddk.nih.gov/health-information/health-topics/kidney-disease/overview-of-kidney-disease-in-children/Pages/index.aspx,,C0022658,T047,Disorders,,0000165-2,Overview of Kidney Disease in Children,information,What is (are) Overview of Kidney Disease in Children ?,"The kidneys are two bean-shaped organs, each about the size of a fist. They are located just below the rib cage, one on each side of the spine. Every day, the two kidneys filter about 120 to 150 quarts of blood to produce about 1 to 2 quarts of urine, composed of wastes and extra fluid. Children produce less urine than adults and the amount produced depends on their age. The kidneys work around the clock; a person does not control what they do. Ureters are the thin tubes of muscleone on each side of the bladderthat carry urine from each of the kidneys to the bladder. The bladder stores urine until the person finds an appropriate time and place to urinate.
                
The kidney is not one large filter. Each kidney is made up of about a million filtering units called nephrons. Each nephron filters a small amount of blood. The nephron includes a filter, called a glomerulus, and a tubule. The nephrons work through a two-step process. The glomerulus lets fluid and waste products pass through it; however, it prevents blood cells and large molecules, mostly proteins, from passing. The filtered fluid then passes through the tubule, which changes the fluid by sending needed minerals back to the bloodstream and removing wastes. The final product becomes urine.
                
The kidneys also control the level of minerals such as sodium, phosphorus, and potassium in the body, and produce an important hormone to prevent anemia. Anemia is a condition in which the number of red blood cells is less than normal, resulting in less oxygen carried to the bodys cells."
0000254,CDC,http://www.cdc.gov/vhf/kyasanur/,,,,,,0000254-2,Kyasanur Forest Disease (KFD),symptoms,What are the symptoms of Kyasanur Forest Disease (KFD) ?,"After an incubation period of 3-8 days, the symptoms of KFD begin suddenly with chills, fever, and headache. Severe muscle pain with vomiting, gastrointestinal symptoms and bleeding problems may occur 3-4 days after initial symptom onset. Patients may experience abnormally low blood pressure, and low platelet, red blood cell, and white blood cell counts. 
                
After 1-2 weeks of symptoms, some patients recover without complication. However, the illness is biphasic for a subset of patients (10-20%) who experience a second wave of symptoms at the beginning of the third week. These symptoms include fever and signs of neurological manifestations, such as severe headache, mental disturbances, tremors, and vision deficits. 
                
The estimated case-fatality rate is from 3 to 5% for KFD."
0000109,GHR,https://ghr.nlm.nih.gov/condition/bart-pumphrey-syndrome,,C0266004,T019|T047,Disorders,"knuckle pads, deafness, and leukonychia syndrome|knuckle pads, leukonychia, and sensorineural deafness",0000109-5,Bart-Pumphrey syndrome,treatment,What are the treatments for Bart-Pumphrey syndrome ?,"These resources address the diagnosis or management of Bart-Pumphrey syndrome:  - Foundation for Ichthyosis and Related Skin Types: Palmoplantar Keratoderma  - Genetic Testing Registry: Knuckle pads, deafness AND leukonychia syndrome   These resources from MedlinePlus offer information about the diagnosis and management of various health conditions:  - Diagnostic Tests  - Drug Therapy  - Surgery and Rehabilitation  - Genetic Counseling   - Palliative Care"
0000929,GHR,https://ghr.nlm.nih.gov/condition/spastic-paraplegia-type-3a,,C0030486|C2931355,T047,Disorders,spastic paraplegia 3|spastic paraplegia 3A|SPG3A,0000929-4,spastic paraplegia type 3A,inheritance,Is spastic paraplegia type 3A inherited ?,"Spastic paraplegia type 3A is inherited in an autosomal dominant pattern, which means one copy of the altered gene in each cell is sufficient to cause the disorder. In approximately 95 percent of cases, an affected person inherits the mutation from one affected parent."
0005216,GARD,https://rarediseases.info.nih.gov/gard/4614/pyomyositis,,C1704275|C0041188,T047,Disorders,,0005216-2,Pyomyositis,symptoms,What are the symptoms of Pyomyositis ?,"What are the signs and symptoms of Pyomyositis? The Human Phenotype Ontology provides the following list of signs and symptoms for Pyomyositis. If the information is available, the table below includes how often the symptom is seen in people with this condition. You can use the MedlinePlus Medical Dictionary to look up the definitions for these medical terms. Signs and Symptoms Approximate number of patients (when available) Abnormality of temperature regulation 90% Myalgia 90% Myositis 90% Recurrent cutaneous abscess formation 90% Leukocytosis 50% Weight loss 50% Renal insufficiency 7.5% Sepsis 7.5% Sudden cardiac death 7.5% The Human Phenotype Ontology (HPO) has collected information on how often a sign or symptom occurs in a condition. Much of this information comes from Orphanet, a European rare disease database. The frequency of a sign or symptom is usually listed as a rough estimate of the percentage of patients who have that feature. The frequency may also be listed as a fraction. The first number of the fraction is how many people had the symptom, and the second number is the total number of people who were examined in one study. For example, a frequency of 25/25 means that in a study of 25 people all patients were found to have that symptom. Because these frequencies are based on a specific study, the fractions may be different if another group of patients are examined. Sometimes, no information on frequency is available. In these cases, the sign or symptom may be rare or common."
0000003,NIDDK,http://www.niddk.nih.gov/health-information/health-topics/endocrine/cushings-syndrome/Pages/fact-sheet.aspx,,C0010481|C0039082,T047,Disorders,,0000003-3,Cushing's Syndrome,causes,What causes Cushing's Syndrome ?,"Cushing's syndrome occurs when the body's tissues are exposed to high levels of cortisol for too long. Many people develop Cushing's syndrome because they take glucocorticoids-steroid hormones that are chemically similar to naturally produced cortisolsuch as prednisone for asthma, rheumatoid arthritis, lupus, and other inflammatory diseases. Glucocorticoids are also used to suppress the immune system after transplantation to keep the body from rejecting the new organ or tissue.
                
Other people develop Cushing's syndrome because their bodies produce too much cortisol. Normally, the production of cortisol follows a precise chain of events. First, the hypothalamus, a part of the brain about the size of a small sugar cube, sends corticotropin-releasing hormone (CRH) to the pituitary gland. CRH causes the pituitary to secrete adrenocorticotropin hormone (ACTH), which stimulates the adrenal glands. When the adrenals, which are located just above the kidneys, receive the ACTH, they respond by releasing cortisol into the bloodstream.
                
Cortisol performs vital tasks in the body including
                
- helping maintain blood pressure and cardiovascular function  - reducing the immune system's inflammatory response  - balancing the effects of insulin, which breaks down glucose for energy  - regulating the metabolism of proteins, carbohydrates, and fats
                
One of cortisol's most important jobs is to help the body respond to stress. For this reason, women in their last 3 months of pregnancy and highly trained athletes normally have high levels of the hormone. People suffering from depression, alcoholism, malnutrition, or panic disorders also have increased cortisol levels.
                
When the amount of cortisol in the blood is adequate, the hypothalamus and pituitary release less CRH and ACTH. This process ensures the amount of cortisol released by the adrenal glands is precisely balanced to meet the bodys daily needs. However, if something goes wrong with the adrenals or the regulating switches in the pituitary gland or hypothalamus, cortisol production can go awry.
                
Pituitary Adenomas
                
Pituitary adenomas cause 70 percent of Cushing's syndrome cases,1 excluding those caused by glucocorticoid use. These benign, or noncancerous, tumors of the pituitary gland secrete extra ACTH. Most people with the disorder have a single adenoma. This form of the syndrome, known as Cushing's disease, affects women five times more often than men.
                
Ectopic ACTH Syndrome
                
Some benign or, more often, cancerous tumors that arise outside the pituitary can produce ACTH. This condition is known as ectopic ACTH syndrome. Lung tumors cause more than half of these cases, and men are affected three times more often than women. The most common forms of ACTH-producing tumors are small cell lung cancer, which accounts for about 13 percent of all lung cancer cases,2 and carcinoid tumors-small, slow-growing tumors that arise from hormone-producing cells in various parts of the body. Other less common types of tumors that can produce ACTH are thymomas, pancreatic islet cell tumors, and medullary carcinomas of the thyroid.
                
Adrenal Tumors
                
In rare cases, an abnormality of the adrenal glands, most often an adrenal tumor, causes Cushing's syndrome. Adrenal tumors are four to five times more common in women than men, and the average age of onset is about 40. Most of these cases involve noncancerous tumors of adrenal tissue called adrenal adenomas, which release excess cortisol into the blood.
                
Adrenocortical carcinomas-adrenal cancers-are the least common cause of Cushing's syndrome. With adrenocortical carcinomas, cancer cells secrete excess levels of several adrenocortical hormones, including cortisol and adrenal androgens, a type of male hormone. Adrenocortical carcinomas usually cause very high hormone levels and rapid development of symptoms.
                
Familial Cushing's Syndrome
                
Most cases of Cushing's syndrome are not inherited. Rarely, however, Cushing's syndrome results from an inherited tendency to develop tumors of one or more endocrine glands. Endocrine glands release hormones into the bloodstream. With primary pigmented micronodular adrenal disease, children or young adults develop small cortisol-producing tumors of the adrenal glands. With multiple endocrine neoplasia type 1 (MEN1), hormone-secreting tumors of the parathyroid glands, pancreas, and pituitary develop; Cushing's syndrome in MEN1 may be due to pituitary, ectopic, or adrenal tumors."
0000583,MPlusHealthTopics,https://www.nlm.nih.gov/medlineplus/marijuana.html,Other,,,,Cannabis|Ganja|Grass|Hash|Pot|Weed,0000583-1,Marijuana,information,Do you have information about Marijuana,"Summary : Marijuana is a green, brown, or gray mix of dried, crumbled parts from the marijuana plant. It can be rolled up and smoked like a cigarette or cigar or smoked in a pipe. Sometimes people mix it in food or inhale it using a vaporizer.    Marijuana can cause problems with memory, learning, and behavior. Smoking it can cause some of the same coughing and breathing problems as smoking cigarettes. Some people get addicted to marijuana after using it for a while. It is more likely to happen if they use marijuana every day, or started using it when they were teenagers.    Some states have approved ""medical marijuana"" to ease symptoms of various health problems. The U.S. Food and Drug Administration (FDA) has not approved the marijuana plant as a medicine. However, there have been scientific studies of cannabinoids, the chemicals in marijuana. This has led to two FDA-approved medicines. They contain THC, the active ingredient in marijuana. They treat nausea caused by chemotherapy and increase appetite in patients who have severe weight loss from HIV/AIDS. Scientists are doing more research with marijuana and its ingredients to treat many diseases and conditions.    NIH: National Institute on Drug Abuse"
0000949,MPlusHealthTopics,https://www.nlm.nih.gov/medlineplus/viralinfections.html,Disease,C3714514,T046,Disorders,,0000949-1,Viral Infections,information,What is (are) Viral Infections ?,"Viruses are capsules with genetic material inside. They are very tiny, much smaller than bacteria. Viruses cause familiar infectious diseases such as the common cold, flu and warts. They also cause severe illnesses such as HIV/AIDS, smallpox and hemorrhagic fevers.     Viruses are like hijackers. They invade living, normal cells and use those cells to multiply and produce other viruses like themselves. This eventually kills the cells, which can make you sick.    Viral infections are hard to treat because viruses live inside your body's cells. They are ""protected"" from medicines, which usually move through your bloodstream. Antibiotics do not work for viral infections. There are a few antiviral medicines available. Vaccines can help prevent you from getting many viral diseases.    NIH: National Institute of Allergy and Infectious Diseases"
0000331,GHR,https://ghr.nlm.nih.gov/condition/ethylmalonic-encephalopathy,,C1865349,T047,Disorders,"EME|Encephalopathy, petechiae, and ethylmalonic aciduria|EPEMA syndrome",0000331-5,ethylmalonic encephalopathy,treatment,What are the treatments for ethylmalonic encephalopathy ?,These resources address the diagnosis or management of ethylmalonic encephalopathy:  - Baby's First Test  - Genetic Testing Registry: Ethylmalonic encephalopathy  - MedlinePlus Encyclopedia: Skin discoloration - bluish   These resources from MedlinePlus offer information about the diagnosis and management of various health conditions:  - Diagnostic Tests  - Drug Therapy  - Surgery and Rehabilitation  - Genetic Counseling   - Palliative Care
0000545,GHR,https://ghr.nlm.nih.gov/condition/juvenile-batten-disease,,C0751383,T047,Disorders,Batten-Mayou disease|Batten-Spielmeyer-Vogt disease|CLN3-related neuronal ceroid-lipofuscinosis|Juvenile cerebroretinal degeneration|juvenile neuronal ceroid lipofuscinosis|Spielmeyer-Vogt disease,0000545-2,juvenile Batten disease,frequency,How many people are affected by juvenile Batten disease ?,"Juvenile Batten disease is the most common type of NCL, but its exact prevalence is unknown. Collectively, all forms of NCL affect an estimated 1 in 100,000 individuals worldwide. NCLs are more common in Finland, where approximately 1 in 12,500 individuals are affected."
0000060,NIHSeniorHealth,http://nihseniorhealth.gov/quittingsmoking/toc.html,,C1519384,T033,Disorders,,0000060-18,Quitting Smoking for Older Adults,information,What is (are) Quitting Smoking for Older Adults ?,Many former smokers who are 50 and older say that their main reason for quitting was for their health or due to their doctors advice. Another common reason smokers quit is to be in control of their lives and to be free from cigarettes. A lot of former smokers also said that pleasing or helping a loved one was a big part of their decision to quit. These all are good reasons. The most important reasons for quitting are the ones you decide on for yourself.
0000082,NINDS,http://www.ninds.nih.gov/disorders/coma/coma.htm,,C0543874|C0009421,T019|T047,Disorders,,0000082-4,Coma,research,what research (or clinical trials) is being done for Coma ?,The National Institute of Neurological Disorders and Stroke (NINDS) and other institutes of the National Institutes of Health (NIH) conduct research related to coma in their laboratories at the NIH and also support additional research through grants to major medical institutions across the country. Much of this research focuses on finding better ways to prevent and treat coma.
0000201,GHR,https://ghr.nlm.nih.gov/condition/cole-disease,,C3809781,T047,Disorders,guttate hypopigmentation and punctate palmoplantar keratoderma with or without ectopic calcification,0000201-3,Cole disease,genetic changes,What are the genetic changes related to Cole disease ?,"Cole disease is caused by mutations in the ENPP1 gene. This gene provides instructions for making a protein that helps to prevent minerals, including calcium, from being deposited in body tissues where they do not belong. It also plays a role in controlling cell signaling in response to the hormone insulin, through interaction between a part of the ENPP1 protein called the SMB2 domain and the insulin receptor. The insulin receptor is a protein that attaches (binds) to insulin and initiates cell signaling.  Insulin plays many roles in the body, including regulating blood sugar levels by controlling how much sugar (in the form of glucose) is passed from the bloodstream into cells to be used as energy. Cell signaling in response to insulin is also important for the maintenance of the outer layer of skin (the epidermis). It helps control the transport of the pigment melanin from the cells in which it is produced (melanocytes) to epidermal cells called keratinocytes, and it is also involved in the development of keratinocytes.  The mutations that cause Cole disease change the structure of the SMB2 domain, which alters its interaction with the insulin receptor and affects cell signaling. The resulting impairment of ENPP1's role in melanin transport and keratinocyte development leads to the hypopigmentation and keratoderma that occurs in Cole disease. The mutations may also impair ENPP1's control of calcification, which likely accounts for the abnormal calcium deposits that occur in some people with this disorder. For reasons that are unclear, the changes in insulin signaling resulting from these ENPP1 gene mutations do not seem to affect blood sugar control."
0006502,GARD,https://rarediseases.info.nih.gov/gard/12943/x-linked-hypophosphatemia,,C0085682|C0595888|C3540852|C3536984|C0733682,T046|T047|T033,Disorders,"X-linked hypophosphatemic rickets|XLH|Hypophosphatemic rickets, X-linked dominant|Hypophophatemia, X-linked|Vitamin D-Resistant Rickets, X-linked|Hypophosphatemic rickets",0006502-4,X-linked hypophosphatemia,inheritance,Is X-linked hypophosphatemia inherited ?,"How is X-linked hypophosphatemia inherited? X-linked hypophosphatemia (XLH) is caused by mutations in the PHEX gene, and is inherited in an X-linked dominant manner. This means that the gene responsible for the condition is located on the X chromosome, and having only one mutated copy of the gene is enough to cause the condition in both males and females. A female with XLH has a 50% chance of passing along a mutation to each of her children. Since males only have one X-chromosome, a male with XLH will pass along the condition to all of his daughters, but not to his sons. PHEX mutations are inherited through families, but they can also occur spontaneously, explaining why some people with XLH may not have a previous family history."
0000326,GHR,https://ghr.nlm.nih.gov/condition/erythromelalgia,,C0014804,T047,Disorders,erythermalgia|familial erythromelalgia|primary erythromelalgia,0000326-3,erythromelalgia,genetic changes,What are the genetic changes related to erythromelalgia ?,"Mutations in the SCN9A gene can cause erythromelalgia. The SCN9A gene provides instructions for making one part (the alpha subunit) of a sodium channel called NaV1.7. Sodium channels transport positively charged sodium atoms (sodium ions) into cells and play a key role in a cell's ability to generate and transmit electrical signals. NaV1.7 sodium channels are found in nerve cells called nociceptors that transmit pain signals to the spinal cord and brain.  The SCN9A gene mutations that cause erythromelalgia result in NaV1.7 sodium channels that open more easily than usual and stays open longer than normal, increasing the flow of sodium ions into nociceptors. This increase in sodium ions enhances transmission of pain signals, leading to the signs and symptoms of erythromelalgia. It is unknown why the pain episodes associated with erythromelalgia mainly occur in the hands and feet.  An estimated 15 percent of cases of erythromelalgia are caused by mutations in the SCN9A gene. Other cases are thought to have a nongenetic cause or may be caused by mutations in one or more as-yet unidentified genes."
0000033_1,CancerGov,https://www.cancer.gov/types/parathyroid/patient/parathyroid-treatment-pdq,,C0153653|C0687150,T191,Disorders,,0000033_1-8,Parathyroid Cancer,research,what research (or clinical trials) is being done for Parathyroid Cancer ?,"New types of treatment are being tested in clinical trials.
                    Information about clinical trials is available from the NCI website.
                
                
                    Patients may want to think about taking part in a clinical trial.
                    For some patients, taking part in a clinical trial may be the best treatment choice. Clinical trials are part of the cancer research process. Clinical trials are done to find out if new cancer treatments are safe and effective or better than the standard treatment.   Many of today's standard treatments for cancer are based on earlier clinical trials. Patients who take part in a clinical trial may receive the standard treatment or be among the first to receive a new treatment.   Patients who take part in clinical trials also help improve the way cancer will be treated in the future. Even when clinical trials do not lead to effective new treatments, they often answer important questions and help move research forward.
                
                
                    Patients can enter clinical trials before, during, or after starting their cancer treatment.
                    Some clinical trials only include patients who have not yet received treatment. Other trials test treatments for patients whose cancer has not gotten better. There are also clinical trials that test new ways to stop cancer from recurring (coming back) or reduce the side effects of cancer treatment.   Clinical trials are taking place in many parts of the country. See the Treatment Options section that follows for links to current treatment clinical trials. These have been retrieved from NCI's listing of clinical trials."
0000944,GHR,https://ghr.nlm.nih.gov/condition/spondylocostal-dysostosis,,C0265343,T047,Disorders,Jarcho-Levin syndrome|SCDO,0000944-1,spondylocostal dysostosis,information,What is (are) spondylocostal dysostosis ?,"Spondylocostal dysostosis is a group of conditions characterized by abnormal development of bones in the spine and ribs. The bones of the spine (vertebrae) are misshapen and abnormally joined together (fused). Many people with this condition have abnormal side-to-side curvature of the spine (scoliosis) due to malformation of the vertebrae. In addition to spine abnormalities, some of the rib bones may be fused together or missing. Affected individuals have short, rigid necks and short midsections because of the bone malformations. As a result, people with spondylocostal dysostosis have short bodies but normal length arms and legs, called short-trunk dwarfism.  The spine and rib abnormalities cause other signs and symptoms of spondylocostal dysostosis. Infants with this condition are born with small chests that cannot expand adequately, often leading to life-threatening breathing problems. As the lungs expand in the narrow chest, the muscle that separates the abdomen from the chest cavity (the diaphragm) is forced down and the abdomen is pushed out. The increased pressure in the abdomen can cause a soft out-pouching around the lower abdomen (inguinal hernia), particularly in males with spondylocostal dysostosis.  There are several types of spondylocostal dysostosis, designated types 1 through 4 and the autosomal dominant (AD) type. These types have similar features and are distinguished by their genetic cause and inheritance pattern. Spondylocostal dysostosis has often been grouped with a similar condition called spondylothoracic dysostosis, and both are called Jarcho-Levin syndrome; however, they are now considered distinct conditions."
0000641,GHR,https://ghr.nlm.nih.gov/condition/megalencephaly-capillary-malformation-syndrome,,C3813729|C1865285|C0340803,T019|T047,Disorders,M-CM|macrocephaly-capillary malformation syndrome|macrocephaly cutis marmorata telangiectatica congenita|MCAP|MCMTC|megalencephaly-capillary malformation-polymicrogyria syndrome|megalencephaly cutis marmorata telangiectatica congenita,0000641-2,megalencephaly-capillary malformation syndrome,frequency,How many people are affected by megalencephaly-capillary malformation syndrome ?,"The prevalence of MCAP is unknown. At least 150 affected individuals have been reported in the medical literature. Because the condition is often thought to be misdiagnosed or underdiagnosed, it may be more common than reported."
0004370,GARD,https://rarediseases.info.nih.gov/gard/10686/neuroferritinopathy,,C1853578,T047,Disorders,Ferritin-related neurodegeneration|Basal ganglia disease adult-onset|Neurodegeneration with brain iron accumulation,0004370-2,Neuroferritinopathy,symptoms,What are the symptoms of Neuroferritinopathy ?,"What are the signs and symptoms of Neuroferritinopathy? The Human Phenotype Ontology provides the following list of signs and symptoms for Neuroferritinopathy. If the information is available, the table below includes how often the symptom is seen in people with this condition. You can use the MedlinePlus Medical Dictionary to look up the definitions for these medical terms. Signs and Symptoms Approximate number of patients (when available) Chorea 90% Hypertonia 90% Incoordination 90% Abnormality of eye movement 50% Feeding difficulties in infancy 50% Gait disturbance 50% Constipation 7.5% Developmental regression 7.5% Hypotension 7.5% Neurological speech impairment 7.5% Reduced consciousness/confusion 7.5% Tremor 7.5% Anarthria - Ataxia - Autosomal dominant inheritance - Babinski sign - Blepharospasm - Bradykinesia - Cavitation of the basal ganglia - Choreoathetosis - Decreased serum ferritin - Dementia - Disinhibition - Dysarthria - Dysphagia - Emotional lability - Hyperreflexia - Laryngeal dystonia - Mutism - Neurodegeneration - Parkinsonism - Phenotypic variability - Progressive - Rigidity - Spasticity - Writer's cramp - The Human Phenotype Ontology (HPO) has collected information on how often a sign or symptom occurs in a condition. Much of this information comes from Orphanet, a European rare disease database. The frequency of a sign or symptom is usually listed as a rough estimate of the percentage of patients who have that feature. The frequency may also be listed as a fraction. The first number of the fraction is how many people had the symptom, and the second number is the total number of people who were examined in one study. For example, a frequency of 25/25 means that in a study of 25 people all patients were found to have that symptom. Because these frequencies are based on a specific study, the fractions may be different if another group of patients are examined. Sometimes, no information on frequency is available. In these cases, the sign or symptom may be rare or common."
0000908,GHR,https://ghr.nlm.nih.gov/condition/sialidosis,,C0268226,T047,Disorders,cherry red spot myoclonus syndrome|mucolipidosis I|mucolipidosis type I|myoclonus cherry red spot syndrome,0000908-1,sialidosis,information,What is (are) sialidosis ?,"Sialidosis is a severe inherited disorder that affects many organs and tissues, including the nervous system. This disorder is divided into two types, which are distinguished by the age at which symptoms appear and the severity of features.  Sialidosis type I, also referred to as cherry-red spot myoclonus syndrome, is the less severe form of this condition. People with type I develop signs and symptoms of sialidosis in their teens or twenties. Initially, affected individuals experience problems walking (gait disturbance) and/or a loss of sharp vision (reduced visual acuity). Individuals with sialidosis type I also experience muscle twitches (myoclonus), difficulty coordinating movements (ataxia), leg tremors, and seizures. The myoclonus worsens over time, causing difficulty sitting, standing, or walking. People with sialidosis type I eventually require wheelchair assistance. Affected individuals have progressive vision problems, including impaired color vision or night blindness. An eye abnormality called a cherry-red spot, which can be identified with an eye examination, is characteristic of this disorder. Sialidosis type I does not affect intelligence or life expectancy.  Sialidosis type II, the more severe type of the disorder, is further divided into congenital, infantile, and juvenile forms. The features of congenital sialidosis type II can develop before birth. This form of sialidosis is associated with an abnormal buildup of fluid in the abdominal cavity (ascites) or widespread swelling before birth caused by fluid accumulation (hydrops fetalis). Affected infants may also have an enlarged liver and spleen (hepatosplenomegaly), abnormal bone development (dysostosis multiplex), and distinctive facial features that are often described as ""coarse."" As a result of these serious health problems, individuals with congenital sialidosis type II usually are stillborn or die soon after birth.  Infantile sialidosis type II shares some features with the congenital form, although the signs and symptoms are slightly less severe and begin within the first year of life. Features of the infantile form include hepatosplenomegaly, dysostosis multiplex, ""coarse"" facial features, short stature, and intellectual disability. As children with infantile sialidosis type II get older, they may develop myoclonus and cherry-red spots. Other signs and symptoms include hearing loss, overgrowth of the gums (gingival hyperplasia), and widely spaced teeth. Affected individuals may survive into childhood or adolescence.  The juvenile form has the least severe signs and symptoms of the different forms of sialidosis type II. Features of this condition usually appear in late childhood and may include mildly ""coarse"" facial features, mild bone abnormalities, cherry-red spots, myoclonus, intellectual disability, and dark red spots on the skin (angiokeratomas). The life expectancy of individuals with juvenile sialidosis type II varies depending on the severity of symptoms."
0000122,NIDDK,http://www.niddk.nih.gov/health-information/health-topics/digestive-diseases/ulcerative-colitis/Pages/facts.aspx,,C0009324,T047,Disorders,,0000122-2,Ulcerative Colitis,information,What is (are) Ulcerative Colitis ?,"The large intestine is part of the GI tract, a series of hollow organs joined in a long, twisting tube from the mouth to the anusan opening through which stool leaves the body. The last part of the GI tract, called the lower GI tract, consists of the large intestinewhich includes the appendix, cecum, colon, and rectumand anus. The intestines are sometimes called the bowel.
                
The large intestine is about 5 feet long in adults and absorbs water and any remaining nutrients from partially digested food passed from the small intestine. The large intestine changes waste from liquid to a solid matter called stool. Stool passes from the colon to the rectum. The rectum is located between the lower, or sigmoid, colon and the anus. The rectum stores stool prior to a bowel movement, when stool moves from the rectum to the anus and out of a person's body."
0000023,NINDS,http://www.ninds.nih.gov/disorders/anoxia/anoxia.htm,,C1527348,T046,Disorders,,0000023-1,Cerebral Hypoxia,information,What is (are) Cerebral Hypoxia ?,"Cerebral hypoxia refers to a condition in which there is a decrease of oxygen supply to the brain even though there is adequate blood flow. Drowning, strangling, choking, suffocation, cardiac arrest, head trauma, carbon monoxide poisoning, and complications of general anesthesia can create conditions that can lead to cerebral hypoxia. Symptoms of mild cerebral hypoxia include inattentiveness, poor judgment, memory loss, and a decrease in motor coordination. Brain cells are extremely sensitive to oxygen deprivation and can begin to die within five minutes after oxygen supply has been cut off. When hypoxia lasts for longer periods of time, it can cause coma, seizures, and even brain death. In brain death, there is no measurable activity in the brain, although cardiovascular function is preserved. Life support is required for respiration."
0002307,GARD,https://rarediseases.info.nih.gov/gard/2268/fanconi-bickel-syndrome,,C0039082|C0015624,T047,Disorders,Hepatorenal glycogenosis with renal Fanconi syndrome|Hepatorenal glycogenosis with renal fanconi syndrome|Hepatic glycogenosis with amino aciduria and glucosuria|Fanconi syndrome with intestinal malabsorption and galactose intolerance|Pseudo-Phlorizin diabetes,0002307-3,Fanconi Bickel syndrome,treatment,What are the treatments for Fanconi Bickel syndrome ?,"How might Fanconi Bickel syndrome be treated? Management of Fanconi Bickel syndrome (FBS) generally focuses on the signs and symptoms of the condition. Treatment includes replacement of water and electrolytes, and vitamin D and phosphate supplements for prevention of hypophosphatemic rickets. Although there is limited data on the effectiveness of dietary treatment for this condition, it is recommended that affected individuals follow a galactose-restricted diabetic diet, with fructose as the main source of carbohydrate. Diet and supplements may alleviate some of the signs and symptoms of the condition but generally do not improve growth, resulting in short stature in adulthood."
0002371,GARD,https://rarediseases.info.nih.gov/gard/2326/fibromuscular-dysplasia,,C0016052,T047,Disorders,Fibromuscular dysplasia of arteries|FMD,0002371-1,Fibromuscular dysplasia,information,What is (are) Fibromuscular dysplasia ?,"Fibromuscular dysplasia (FMD) is the abnormal development or growth of cells in the walls of arteries that can cause the vessels to narrow or bulge. The carotid arteries, which pass through the neck and supply blood to the brain, are commonly affected. Arteries within the brain and kidneys can also be affected. Narrowing and enlarging of arteries can block or reduce blood flow to the brain, causing a stroke. Some patients experience no symptoms of the disease while others may have high blood pressure, dizziness or vertigo, chronic headache, intracranial aneurysm, ringing in the ears, weakness or numbness in the face, neck pain, or changes in vision. FMD is most often seen in people age 25 to 50 years and affects women more often than men. More than one family member may be affected by the disease. The cause of FMD is unknown. Treatment is based on the arteries affected and the progression and severity of the disease."
0000630,GHR,https://ghr.nlm.nih.gov/condition/mayer-rokitansky-kuster-hauser-syndrome,,C0039082,T047,Disorders,congenital absence of the uterus and vagina (CAUV)|genital renal ear syndrome (GRES)|MRKH syndrome|Mullerian agenesis|Mullerian aplasia|Mullerian dysgenesis|Rokitansky syndrome,0000630-5,Mayer-Rokitansky-Kster-Hauser syndrome,treatment,What are the treatments for Mayer-Rokitansky-Kster-Hauser syndrome ?,These resources address the diagnosis or management of Mayer-Rokitansky-Kster-Hauser syndrome:  - American Urological Association Foundation: Vaginal Agenesis  - Children's Hospital Boston: Center for Young Women's Health  - Genetic Testing Registry: Rokitansky Kuster Hauser syndrome   These resources from MedlinePlus offer information about the diagnosis and management of various health conditions:  - Diagnostic Tests  - Drug Therapy  - Surgery and Rehabilitation  - Genetic Counseling   - Palliative Care
0002399,GARD,https://rarediseases.info.nih.gov/gard/6457/focal-dermal-hypoplasia,,C0016395,T047,Disorders,DHOF|FODH|FDH|Goltz Syndrome|Goltz Gorlin Syndrome,0002399-1,Focal dermal hypoplasia,information,What is (are) Focal dermal hypoplasia ?,"Focal dermal hypoplasia is a genetic disorder that primarily affects the skin, skeleton, eyes, and face. The skin abnormalities are present from birth and can include streaks of very thin skin (dermal hypoplasia), cutis aplasia, and telangiectases. They also may abnormalities in the nails, hands, and feet. Some of the eye findings present may include small eyes (microphthalmia), absent or severely underdeveloped eyes (anophthalmia), and problems with the tear ducts. People with focal dermal hypoplasia may also have distinctive facial features such as a pointed chin, small ears, notched nostrils, and a slight difference in the size and shape of the right and left sides of the face (facial asymmetry). Most individuals with this condition are female. Males usually have milder signs and symptoms than females. Although intelligence is typically unaffected, some individuals have intellectual disability. This condition is caused by mutations in the PORCN gene and is inherited in an X-linked dominant manner. Most cases of focal dermal hypoplasia in females result from new mutations in the PORCN gene and occur in people with no history of the disorder in their family. When focal dermal hypoplasia occurs in males, it always results from a new mutation in this gene that is not inherited. Treatment is based on the signs and symptoms present in the person; however, care usually involves a team of specialists, including dermatologists, otolaryngologist, physical/occupational therapists, and hand surgeons."
0001027,GHR,https://ghr.nlm.nih.gov/condition/warfarin-resistance,,C0750384,T047,Disorders,coumarin resistance|poor metabolism of coumarin,0001027-1,warfarin resistance,information,What is (are) warfarin resistance ?,"Warfarin resistance is a condition in which individuals have a high tolerance for the drug warfarin. Warfarin is an anticoagulant, which means that it thins the blood, preventing blood clots from forming. Warfarin is often prescribed to prevent blood clots in people with heart valve disease who have replacement heart valves, people with an irregular heart beat (atrial fibrillation), or those with a history of heart attack, stroke, or a prior blood clot in the deep veins of the arms or legs (deep vein thrombosis).  There are two types of warfarin resistance: incomplete and complete. Those with incomplete warfarin resistance can achieve the benefits of warfarin treatment with a high dose of warfarin. Individuals with complete warfarin resistance do not respond to warfarin treatment, no matter how high the dose. If people with warfarin resistance require treatment with warfarin and take the average dose, they will remain at risk of developing a potentially harmful blood clot.  Both types of warfarin resistance are related to how the body processes warfarin. In some people with warfarin resistance, their blood clotting process does not react effectively to the drug. Others with this resistance rapidly break down (metabolize) warfarin, so the medication is quickly processed by their bodies; these individuals are classified as ""fast metabolizers"" or ""rapid metabolizers"" of warfarin. The severity of these abnormal processes determines whether the warfarin resistance is complete or incomplete.  Warfarin resistance does not appear to cause any health problems other than those associated with warfarin drug treatment."
0000152,NIDDK,http://www.niddk.nih.gov/health-information/health-topics/kidney-disease/iga-nephropathy/Pages/facts.aspx,,C0017661,T047,Disorders,,0000152-9,IgA Nephropathy,treatment,What are the treatments for IgA Nephropathy ?,"Researchers have not yet found a specific cure for IgA nephropathy. Once the kidneys are scarred, they cannot be repaired. Therefore, the ultimate goal of IgA nephropathy treatment is to prevent or delay end-stage kidney disease. A health care provider may prescribe medications to
                
- control a persons blood pressure and slow the progression of kidney disease  - remove extra fluid from a persons blood  - control a persons immune system  - lower a persons blood cholesterol levels
                
Control Blood Pressure and Slow Progression of Kidney Disease
                
People with IgA nephropathy that is causing high blood pressure may need to take medications that lower blood pressure and can also significantly slow the progression of kidney disease. Two types of blood pressure-lowering medicationsangiotensin-converting enzyme (ACE) inhibitors and angiotensin receptor blockers (ARBs)have proven effective in slowing the progression of kidney disease. Many people require two or more medications to control their blood pressure. A person may also need beta-blockers, calcium channel blockers, and other blood pressure medications.
                
Remove Extra Fluid
                
A health care provider may prescribe a diuretic, a medication that helps the kidneys remove extra fluid from the blood. Removing the extra fluid can improve the control of blood pressure. Taking a diuretic along with an ACE inhibitor or an ARB often increases the effectiveness of these medications.
                
Control the Immune System
                
Health care providers sometimes use medications to control a persons immune system. Since inflammation is the immune systems normal response, controlling the immune system can decrease inflammation. Health care providers may prescribe the following medications:
                
- corticosteroids, such as prednisone  - cyclophosphamide
                
Lower Blood Cholesterol Levels
                
People with IgA nephropathy may develop high blood cholesterol levels. Cholesterol is a type of fat found in the bodys cells, in blood, and in many foods. People who take medications for high blood cholesterol levels can lower their blood cholesterol levels. A health care provider may prescribe one of several cholesterol-lowering medications called statins."
0000158,MPlusHealthTopics,https://www.nlm.nih.gov/medlineplus/cataract.html,Disease,C0086543,T190,Disorders,,0000158-1,Cataract,information,What is (are) Cataract ?,"A cataract is a clouding of the lens in your eye. It affects your vision. Cataracts are very common in older people. By age 80, more than half of all Americans either have a cataract or have had cataract surgery.    A cataract can occur in either or both eyes. It cannot spread from one eye to the other. Common symptoms are       - Blurry vision    - Colors that seem faded    - Glare - headlights, lamps or sunlight may seem too bright. You may also see a halo around lights.    - Not being able to see well at night    - Double vision     - Frequent prescription changes in your eye wear        Cataracts usually develop slowly. New glasses, brighter lighting, anti-glare sunglasses or magnifying lenses can help at first. Surgery is also an option. It involves removing the cloudy lens and replacing it with an artificial lens. Wearing sunglasses and a hat with a brim to block ultraviolet sunlight may help to delay cataracts.    NIH: National Eye Institute"
0003749,GARD,https://rarediseases.info.nih.gov/gard/6959/mal-de-debarquement,,C1608983,T047,Disorders,MdDS|Mal de debarquement syndrome|Sickness of disembarkment|Disembarkment syndrome,0003749-1,Mal de debarquement,information,What is (are) Mal de debarquement ?,"Mal de debarquement syndrome is a balance disorder that most commonly develops following an ocean cruise or other type of water travel and less commonly following air travel, train travel, or other motion experiences. The symptoms typically reported include: persistent sensation of motion such as rocking, swaying, and/or bobbing, difficulty maintaining balance, anxiety, fatigue, unsteadiness, and difficulty concentrating. The symptoms may be last anywhere from a month to years. Symptoms may or may not go away with time; however, they may reoccur following another motion experience or during periods of stress or illness. Although there is no known cure for mal de debarquement syndrome, there is evidence that some patients have responded positively to antidepressants or anti-seizure medications. Customized vestibular therapy and exercise routines may also be effective."
0005127,GARD,https://rarediseases.info.nih.gov/gard/4540/pseudoachondroplasia,,C0410538,T019|T047,Disorders,"Pseudoachondroplastic dysplasia|PSACH|Pseudoachondroplastic spondyloepiphyseal dysplasia|Pseudoachondroplastic spondyloepiphyseal dysplasia syndrome|Spondyloepiphyseal dysplasia, pseudoachondroplastic",0005127-3,Pseudoachondroplasia,inheritance,Is Pseudoachondroplasia inherited ?,"How is pseudoachondroplasia inherited? Pseudoachondroplasia is inherited in an autosomal dominant pattern, which means having one altered copy of the COMP gene in each cell is enough to cause the disorder. In some cases, an affected person inherits the mutation from one affected parent. Other cases result from new mutations in the gene and occur in people with no history of the disorder in their family."
0000014_2,CancerGov,https://www.cancer.gov/types/uterine/patient/uterine-sarcoma-treatment-pdq,,C0338113,T191,Disorders,,0000014_2-1,Uterine Sarcoma,information,What is (are) Uterine Sarcoma ?,"Key Points
                    - Uterine sarcoma is a disease in which malignant (cancer) cells form in the muscles of the uterus or other tissues that support the uterus.    - Being exposed to x-rays can increase the risk of uterine sarcoma.     - Signs of uterine sarcoma include abnormal bleeding.     - Tests that examine the uterus are used to detect (find) and diagnose uterine sarcoma.    - Certain factors affect prognosis (chance of recovery) and treatment options.
                
                
                    Uterine sarcoma is a disease in which malignant (cancer) cells form in the muscles of the uterus or other tissues that support the uterus.
                    The uterus is part of the female reproductive system. The uterus is the hollow, pear-shaped organ in the pelvis, where a fetus grows. The cervix is at the lower, narrow end of the uterus, and leads to the vagina.       Uterine sarcoma is a very rare kind of cancer that forms in the uterine muscles or in tissues that support the uterus. (Information about other types of sarcomas can be found in the PDQ summary on Adult Soft Tissue Sarcoma Treatment.) Uterine sarcoma is different from cancer of the endometrium, a disease in which cancer cells start growing inside the lining of the uterus. (See the PDQ summary on Endometrial Cancer Treatment for information)."
0000019_1,CancerGov,https://www.cancer.gov/types/ovarian/patient/ovarian-epithelial-treatment-pdq,,C1299307,T191,Disorders,,0000019_1-7,"Ovarian Epithelial, Fallopian Tube, and Primary Peritoneal Cancer",outlook,"What is the outlook for Ovarian Epithelial, Fallopian Tube, and Primary Peritoneal Cancer ?",Certain factors affect treatment options and prognosis (chance of recovery). The prognosis (chance of recovery) and treatment options depend on the following:         - The type of ovarian cancer and how much cancer there is.    - The stage and grade of the cancer.    - Whether the patient has extra fluid in the abdomen that causes swelling.    - Whether all of the tumor can be removed by surgery.    - Whether there are changes in the  BRCA1  or  BRCA2  genes.    - The patients age and general health.    - Whether the cancer has just been diagnosed or has recurred (come back).
0000119,NIDDK,http://www.niddk.nih.gov/health-information/health-topics/digestive-diseases/proctitis/Pages/facts.aspx,,C0033246|C1963216,T047|T033,Disorders,,0000119-5,Proctitis,symptoms,What are the symptoms of Proctitis ?,"Tenesmusan uncomfortable and frequent urge to have a bowel movementis one of the most common symptoms of proctitis. Other symptoms may include
                
- bloody bowel movements  - rectal bleeding  - a feeling of rectal fullness  - anal or rectal pain  - crampy abdominal pain  - rectal discharge of mucus or pus  - diarrhea or frequent passage of loose or liquid stools"
0000070,NIHSeniorHealth,http://nihseniorhealth.gov/urinaryincontinence/toc.html,,C0042024,T046,Disorders,,0000070-3,Urinary Incontinence,exams and tests,How to diagnose Urinary Incontinence ?,"The first step in treating urinary incontinence is to see a health care provider. He or she will give you a physical exam and take your medical history. The provider will ask about your symptoms and the medicines you use. He or she will want to know if you have been sick recently or have had surgery. Your provider also may do a number of tests. These might include - urine tests  - tests that measure how well you empty your bladderusually by ultrasound. urine tests tests that measure how well you empty your bladderusually by ultrasound. In addition, your health care provider may ask you to keep a daily diary of when you urinate and when you leak urine. Your family provider may also send you to a urologist or urogynecologist, doctors who specialize in urinary tract problems Get tips on choosing a health care provider. (Watch the video above to learn more about what to expect when seeking care for a bladder problem. To enlarge the video, click the brackets in the lower right-hand corner. To reduce the video, press the Escape (Esc) button on your keyboard.)"
0003860,GARD,https://rarediseases.info.nih.gov/gard/9781/mecp2-duplication-syndrome,,C1846058|C0039082,T048|T047,Disorders,"MRXSL|Lubs X-linked mental retardation syndrome (formerly)|XLMR syndrome, Lubs type|Mental retardation, X-linked, Lubs type (formerly)",0003860-6,MECP2 duplication syndrome,treatment,What are the treatments for MECP2 duplication syndrome ?,"How might MECP2 duplication syndrome be treated? Because MECP2 duplication syndrome affects many different systems of the body, medical management is often provided by a team of doctors and other healthcare professionals. Treatment for this condition varies based on the signs and symptoms present in each person. For example, infants with trouble swallowing and/or other feeding difficulties may require a feeding tube. Early developmental interventions may be recommended to help affected children reach their potential. This may include physical therapy, speech therapy and/or occupational therapy. Medications may be prescribed to treat seizures or spasticity. Recurrent infections are usually treated aggressively with appropriate antibiotics. Please speak with a healthcare provider if you have any questions about your personal medical management plan or that of a family member."
0000914,GHR,https://ghr.nlm.nih.gov/condition/sitosterolemia,,C0342907,T046,Disorders,beta-sitosterolemia|phytosterolaemia|phytosterolemia|plant sterol storage disease|sitosterolaemia,0000914-2,sitosterolemia,frequency,How many people are affected by sitosterolemia ?,"Only 80 to 100 individuals with sitosterolemia have been described in the medical literature. However, researchers believe that this condition is likely underdiagnosed because mild cases often do not come to medical attention. Studies suggest that the prevalence may be at least 1 in 50,000 people."
0000251,GHR,https://ghr.nlm.nih.gov/condition/cri-du-chat-syndrome,,C0010314,T019|T047,Disorders,5p deletion syndrome|5p- syndrome|cat cry syndrome|chromosome 5p- syndrome|monosomy 5p,0000251-3,cri-du-chat syndrome,genetic changes,What are the genetic changes related to cri-du-chat syndrome ?,"Cri-du-chat syndrome is caused by a deletion of the end of the short (p) arm of chromosome 5. This chromosomal change is written as 5p-. The size of the deletion varies among affected individuals; studies suggest that larger deletions tend to result in more severe intellectual disability and developmental delay than smaller deletions.  The signs and symptoms of cri-du-chat syndrome are probably related to the loss of multiple genes on the short arm of chromosome 5. Researchers believe that the loss of a specific gene, CTNND2, is associated with severe intellectual disability in some people with this condition. They are working to determine how the loss of other genes in this region contributes to the characteristic features of cri-du-chat syndrome."
0003941,GARD,https://rarediseases.info.nih.gov/gard/9947/mental-retardation-x-linked-with-cerebellar-hypoplasia-and-distinctive-facial-appearance,,C0025362|C0266470,T019|T048,Disorders,Mental retardation x-linked 60 (formerly)|MRX60 (formerly),0003941-1,Mental retardation x-linked with cerebellar hypoplasia and distinctive facial appearance,symptoms,What are the symptoms of Mental retardation x-linked with cerebellar hypoplasia and distinctive facial appearance ?,"What are the signs and symptoms of Mental retardation x-linked with cerebellar hypoplasia and distinctive facial appearance? The Human Phenotype Ontology provides the following list of signs and symptoms for Mental retardation x-linked with cerebellar hypoplasia and distinctive facial appearance. If the information is available, the table below includes how often the symptom is seen in people with this condition. You can use the MedlinePlus Medical Dictionary to look up the definitions for these medical terms. Signs and Symptoms Approximate number of patients (when available) Aplasia/Hypoplasia of the cerebellum 90% Cognitive impairment 90% Attention deficit hyperactivity disorder 50% Autism 50% Muscular hypotonia 50% Neurological speech impairment 50% Seizures 50% Strabismus 50% Abnormality of the mouth 7.5% Cerebral cortical atrophy 7.5% Cryptorchidism 7.5% Deeply set eye 7.5% Frontal bossing 7.5% Incoordination 7.5% Long face 7.5% Macrotia 7.5% Ventriculomegaly 7.5% Cerebellar hypoplasia - Delayed speech and language development - Disorganization of the anterior cerebellar vermis - Enlarged cisterna magna - Gait ataxia - Hyperactivity - Hypotelorism - Infantile onset - Intellectual disability - Long nose - Macrocephaly - Mandibular prognathia - Micropenis - Microphallus - Nystagmus - Prominent forehead - Prominent supraorbital ridges - Retrocerebellar cyst - Scrotal hypoplasia - Short philtrum - Spasticity - X-linked recessive inheritance - The Human Phenotype Ontology (HPO) has collected information on how often a sign or symptom occurs in a condition. Much of this information comes from Orphanet, a European rare disease database. The frequency of a sign or symptom is usually listed as a rough estimate of the percentage of patients who have that feature. The frequency may also be listed as a fraction. The first number of the fraction is how many people had the symptom, and the second number is the total number of people who were examined in one study. For example, a frequency of 25/25 means that in a study of 25 people all patients were found to have that symptom. Because these frequencies are based on a specific study, the fractions may be different if another group of patients are examined. Sometimes, no information on frequency is available. In these cases, the sign or symptom may be rare or common."
0005219,GARD,https://rarediseases.info.nih.gov/gard/9298/pyridoxine-dependent-epilepsy,,C1849508,T047,Disorders,Pyridoxine dependency|Pyridoxine dependency with seizures|Vitamin B6-dependent seizures|Antiquitin deficiency,0005219-2,Pyridoxine-dependent epilepsy,symptoms,What are the symptoms of Pyridoxine-dependent epilepsy ?,"What are the signs and symptoms of Pyridoxine-dependent epilepsy? Those affected by pyridoxine-dependent epilepsy typically experience prolonged seizures lasting several minutes (status epilepticus). These seizures involve muscle rigidity, convulsions, and loss of consciousness (tonic-clonic seizures). Additional features of pyridoxine-dependent epilepsy include low body temperature (hypothermia), poor muscle tone (dystonia) soon after birth, and irritability before a seizure episode. In rare instances, children with this condition do not have seizures until they are 1 to 3 years old.  If left untreated, people with this condition can develop severe brain dysfunction (encephalopathy). Even though seizures can be controlled with pyridoxine, neurological problems such as developmental delay and learning disorders may still occur. The Human Phenotype Ontology provides the following list of signs and symptoms for Pyridoxine-dependent epilepsy. If the information is available, the table below includes how often the symptom is seen in people with this condition. You can use the MedlinePlus Medical Dictionary to look up the definitions for these medical terms. Signs and Symptoms Approximate number of patients (when available) Abnormality of metabolism/homeostasis 90% Abnormality of movement 90% Cognitive impairment 90% EEG abnormality 90% Neurological speech impairment 90% Seizures 90% Muscular hypotonia 50% Cerebral cortical atrophy 7.5% Hepatomegaly 7.5% Strabismus 7.5% Ventriculomegaly 7.5% Autosomal recessive inheritance - Delayed speech and language development - Generalized myoclonic seizures - Generalized tonic-clonic seizures - Intellectual disability - Neonatal respiratory distress - Prenatal movement abnormality - Respiratory distress - Status epilepticus - The Human Phenotype Ontology (HPO) has collected information on how often a sign or symptom occurs in a condition. Much of this information comes from Orphanet, a European rare disease database. The frequency of a sign or symptom is usually listed as a rough estimate of the percentage of patients who have that feature. The frequency may also be listed as a fraction. The first number of the fraction is how many people had the symptom, and the second number is the total number of people who were examined in one study. For example, a frequency of 25/25 means that in a study of 25 people all patients were found to have that symptom. Because these frequencies are based on a specific study, the fractions may be different if another group of patients are examined. Sometimes, no information on frequency is available. In these cases, the sign or symptom may be rare or common."
0001301,GARD,https://rarediseases.info.nih.gov/gard/3770/chromosome-8q-deletion,,C1442161,T049,Disorders,Deletion 8q|Monosomy 8q|8q deletion|8q monosomy|Partial monosomy 8q,0001301-1,Chromosome 8q deletion,information,What is (are) Chromosome 8q deletion ?,"Chromosome 8q deletion is a chromosome abnormality that occurs when there is a missing copy of the genetic material located on the long arm (q) of chromosome 8. The severity of the condition and the signs and symptoms depend on the size and location of the deletion and which genes are involved. Features that often occur in people with chromosome 8q deletion include developmental delay, intellectual disability, behavioral problems, and distinctive facial features. Most cases are not inherited, but people can pass the deletion on to their children. Treatment is based on the signs and symptoms present in each person."
0000051,NIHSeniorHealth,http://nihseniorhealth.gov/pagetsdiseaseofbone/toc.html,,C0029401,T047,Disorders,,0000051-12,Paget's Disease of Bone,complications,What are the complications of Paget's Disease of Bone ?,"Over time, Paget's disease may lead to other medical conditions, including arthritis, headaches, hearing loss, and nervous system problems, depending on which bones are affected. On very rare occasions, Paget's disease is associated with the development of osteosarcoma, a type of bone cancer. Less than one percent of patients have this complication."
0000964,GHR,https://ghr.nlm.nih.gov/condition/swyer-syndrome,,C2936694|C0018054,T019|T047,Disorders,"46,XY CGD|46,XY complete gonadal dysgenesis|46,XY sex reversal|gonadal dysgenesis, 46,XY|gonadal dysgenesis, XY female type|pure gonadal dysgenesis 46,XY|XY pure gonadal dysgenesis",0000964-3,Swyer syndrome,genetic changes,What are the genetic changes related to Swyer syndrome ?,"Mutations in the SRY gene have been identified in approximately 15 percent of individuals with Swyer syndrome. The SRY gene, located on the Y chromosome, provides instructions for making the sex-determining region Y protein. This protein is a transcription factor, which means it attaches (binds) to specific regions of DNA and helps control the activity of particular genes. The sex-determining region Y protein starts processes that are involved in male sexual development. These processes cause a fetus to develop male gonads (testes) and prevent the development of female reproductive structures (uterus and fallopian tubes). SRY gene mutations that cause Swyer syndrome prevent production of the sex-determining region Y protein or result in the production of a nonfunctioning protein. A fetus whose cells do not produce functional sex-determining region Y protein will not develop testes but will develop a uterus and fallopian tubes, despite having a typically male karyotype.  Swyer syndrome can also be caused by mutations in the MAP3K1 gene; research indicates that mutations in this gene may account for up to 18 percent of cases. The MAP3K1 gene provides instructions for making a protein that helps regulate signaling pathways that control various processes in the body. These include the processes of determining sexual characteristics before birth. The mutations in this gene that cause Swyer syndrome decrease signaling that leads to male sexual differentiation and enhance signaling that leads to female sexual differentiation, preventing the development of testes and allowing the development of a uterus and fallopian tubes.  Mutations in the DHH and NR5A1 genes have also been identified in small numbers of people with Swyer syndrome. The DHH gene provides instructions for making a protein that is important for early development of tissues in many parts of the body. The NR5A1 gene provides instructions for producing another transcription factor called the steroidogenic factor 1 (SF1). This protein helps control the activity of several genes related to the production of sex hormones and sexual differentiation. Mutations in the DHH and NR5A1 genes affect the process of sexual differentiation, preventing affected individuals with a typically male karyotype from developing testes and causing them to develop a uterus and fallopian tubes.  Changes affecting other genes have also been identified in a small number of people with Swyer syndrome. Nongenetic factors, such as hormonal medications taken by the mother during pregnancy, have also been associated with this condition. However, in most individuals with Swyer syndrome, the cause is unknown."
0000009,NIHSeniorHealth,http://nihseniorhealth.gov/cataract/toc.html,,C0086543,T190,Disorders,,0000009-19,Cataract,information,What is (are) Cataract ?,"Yes. There are two types of cataract surgery, phacoemulsification and extracapsular surgery. Your doctor can explain the differences and help determine which is better for you. With phacoemulsification, or phaco, a small incision is made on the side of the cornea, the clear, dome-shaped surface that covers the front of the eye. Your doctor inserts a tiny probe into the eye. This device emits ultrasound waves that soften and break up the lens so that it can be removed by suction. Most cataract surgery today is done by phacoemulsification, also called ""small incision cataract surgery."" With extracapsular surgery, your doctor makes a longer incision on the side of the cornea and removes the cloudy core of the lens in one piece. The rest of the lens is removed by suction."
0000721,GHR,https://ghr.nlm.nih.gov/condition/netherton-syndrome,,C0265962,T019|T047,Disorders,bamboo hair syndrome|Comel-Netherton syndrome|ichthyosiform erythroderma with hypotrichosis and hyper-IgE|ichthyosis linearis circumflexa|ILC|NETH|Netherton disease|NS,0000721-5,Netherton syndrome,treatment,What are the treatments for Netherton syndrome ?,These resources address the diagnosis or management of Netherton syndrome:  - Genetic Testing Registry: Netherton syndrome   These resources from MedlinePlus offer information about the diagnosis and management of various health conditions:  - Diagnostic Tests  - Drug Therapy  - Surgery and Rehabilitation  - Genetic Counseling   - Palliative Care
0003441,GARD,https://rarediseases.info.nih.gov/gard/9738/kyrle-disease,,C0263382,T047,Disorders,Kyrle's disease|Hyperkeratosis follicularis et parafollicularis in cutem penetrans,0003441-2,Kyrle disease,symptoms,What are the symptoms of Kyrle disease ?,"What are the signs and symptoms of Kyrle disease? The Human Phenotype Ontology provides the following list of signs and symptoms for Kyrle disease. If the information is available, the table below includes how often the symptom is seen in people with this condition. You can use the MedlinePlus Medical Dictionary to look up the definitions for these medical terms. Signs and Symptoms Approximate number of patients (when available) Abnormality of the skin - Autosomal dominant inheritance - Posterior subcapsular cataract - The Human Phenotype Ontology (HPO) has collected information on how often a sign or symptom occurs in a condition. Much of this information comes from Orphanet, a European rare disease database. The frequency of a sign or symptom is usually listed as a rough estimate of the percentage of patients who have that feature. The frequency may also be listed as a fraction. The first number of the fraction is how many people had the symptom, and the second number is the total number of people who were examined in one study. For example, a frequency of 25/25 means that in a study of 25 people all patients were found to have that symptom. Because these frequencies are based on a specific study, the fractions may be different if another group of patients are examined. Sometimes, no information on frequency is available. In these cases, the sign or symptom may be rare or common."
0000098,MPlusHealthTopics,https://www.nlm.nih.gov/medlineplus/birthmarks.html,Disease,C0265974,T019,Disorders,Cafe au lait spot|Hemangioma|Mongolian spot|Nevus|Strawberry mark,0000098-1,Birthmarks,information,What is (are) Birthmarks ?,"Birthmarks are abnormalities of the skin that are present when a baby is born. There are two types of birthmarks. Vascular birthmarks are made up of blood vessels that haven't formed correctly. They are usually red. Two types of vascular birthmarks are hemangiomas and port-wine stains. Pigmented birthmarks are made of a cluster of pigment cells which cause color in skin. They can be many different colors, from tan to brown, gray to black, or even blue. Moles can be birthmarks.    No one knows what causes many types of birthmarks, but some run in families. Your baby's doctor will look at the birthmark to see if it needs any treatment or if it should be watched. Pigmented birthmarks aren't usually treated, except for moles. Treatment for vascular birthmarks includes laser surgery.     Most birthmarks are not serious, and some go away on their own. Some stay the same or get worse as you get older. Usually birthmarks are only a concern for your appearance. But certain types can increase your risk of skin cancer. If your birthmark bleeds, hurts, itches, or becomes infected, call your health care provider."
0000228,CDC,http://www.cdc.gov/vhf/hendra/index.html,,,,,,0000228-4,Hendra Virus Disease (HeV),exams and tests,How to diagnose Hendra Virus Disease (HeV) ?,"Laboratory tests that are used to diagnose Hendra virus (HV) and Nipah virus (NV) include detection of antibody by ELISA (IgG and IgM), real time polymerase chain reaction (RT-PCR), and virus isolation attempts.  In most countries, handling Hendra virus needs to be done in high containment laboratories. Laboratory diagnosis of a patient with a clinical history of HV or NV can be made during the acute and convalescent phase of the disease by using a combination of tests including detection of antibody in the serum or the cerebrospinal fluid (CSF), viral RNA detection (RT-PCR) in the serum, CSF, or throat swabs, and virus isolation from the CSF or throat swabs."
0006462,GARD,https://rarediseases.info.nih.gov/gard/7898/wolfram-syndrome,,C0043207,T047,Disorders,WFS|Diabetes insipidus and mellitus with optic atrophy and deafness|DIDMOAD|DIDMOAD syndrome,0006462-1,Wolfram syndrome,information,What is (are) Wolfram syndrome ?,"Wolfram syndrome, which is also known by the acronym DIDMOAD, is an inherited condition characterized by diabetes insipidus (DI), childhood-onset diabetes mellitus (DM), a gradual loss of vision caused by optic atrophy (OA), and deafness (D). There are two types of Wolfram syndrome (type 1 and type 2) which are primarily differentiated by their genetic cause. Type 1 is caused by changes (mutations) in the WFS1 gene, while type 2 is caused by mutations in the CISD2 gene. Both forms are inherited in an autosomal recessive manner. Treatment is symptomatic and supportive."
0000014,NINDS,http://www.ninds.nih.gov/disorders/alexander_disease/alexander_disease.htm,,C0270726,T047,Disorders,,0000014-1,Alexander Disease,information,What is (are) Alexander Disease ?,"Alexander disease is one of a group of neurological conditions known as the leukodystrophies, disorders that are the result of abnormalities in myelin, the white matter that protects nerve fibers in the brain. Alexander disease is a progressive and often fatal disease. The destruction of white matter is accompanied by the formation of Rosenthal fibers, which are abnormal clumps of protein that accumulate in non-neuronal cells of the brain called astrocytes. Rosenthal fibers are sometimes found in other disorders, but not in the same amount or area of the brain that are featured in Alexander disease. The infantile form is the most common type of Alexander disease. It has an onset during the first two years of life. Usually there are both mental and physical developmental delays, followed by the loss of developmental milestones, an abnormal increase in head size, and seizures. The juvenile form of Alexander disease is less common and has an onset between the ages of two and thirteen. These children may have excessive vomiting, difficulty swallowing and speaking, poor coordination, and loss of motor control. Adult-onset forms of Alexander disease are less common. The symptoms sometimes mimic those of Parkinsons disease or multiple sclerosis, or may present primarily as a psychiatric disorder. The disease occurs in both males and females, and there are no ethnic, racial, geographic, or cultural/economic differences in its distribution."
0004428,GARD,https://rarediseases.info.nih.gov/gard/7879/nodular-nonsuppurative-panniculitis,,C0030326,T047,Disorders,Weber Christian disease|Weber-Christian disease|Panniculitis nodular nonsuppurative,0004428-2,Nodular nonsuppurative panniculitis,symptoms,What are the symptoms of Nodular nonsuppurative panniculitis ?,"What are the signs and symptoms of Nodular nonsuppurative panniculitis? The Human Phenotype Ontology provides the following list of signs and symptoms for Nodular nonsuppurative panniculitis. If the information is available, the table below includes how often the symptom is seen in people with this condition. You can use the MedlinePlus Medical Dictionary to look up the definitions for these medical terms. Signs and Symptoms Approximate number of patients (when available) Abdominal pain 90% Abnormality of temperature regulation 90% Aplasia/Hypoplasia of the skin 90% Arthralgia 90% Cellulitis 90% Edema 90% Myalgia 90% Nausea and vomiting 90% Weight loss 90% Autoimmunity 7.5% Hepatomegaly 7.5% Inflammatory abnormality of the eye 7.5% Splenomegaly 7.5% The Human Phenotype Ontology (HPO) has collected information on how often a sign or symptom occurs in a condition. Much of this information comes from Orphanet, a European rare disease database. The frequency of a sign or symptom is usually listed as a rough estimate of the percentage of patients who have that feature. The frequency may also be listed as a fraction. The first number of the fraction is how many people had the symptom, and the second number is the total number of people who were examined in one study. For example, a frequency of 25/25 means that in a study of 25 people all patients were found to have that symptom. Because these frequencies are based on a specific study, the fractions may be different if another group of patients are examined. Sometimes, no information on frequency is available. In these cases, the sign or symptom may be rare or common."
0004039,GARD,https://rarediseases.info.nih.gov/gard/10216/microhydranencephaly,,C1857977,T047,Disorders,MHAC|Hydranencephaly and microcephaly,0004039-3,Microhydranencephaly,causes,What causes Microhydranencephaly ?,"What causes microhydranencephaly? In many cases, the exact, underlying cause of microhydranencephaly is unknown. There are reports of families in which the condition is caused by changes (mutations) in the NDE1 gene. In these rare cases, more than one family member (often a pair of siblings) had the condition."
0000531,GARD,https://rarediseases.info.nih.gov/gard/11917/autoimmune-autonomic-ganglionopathy,,C0443146,T046,Disorders,Autoimmune Autonomic Neuropathy,0000531-2,Autoimmune autonomic ganglionopathy,symptoms,What are the symptoms of Autoimmune autonomic ganglionopathy ?,What are the signs and symptoms of autoimmune autonomic ganglionopathy? The symptoms of autoimmune autonomic ganglionopathy can include: Severe orthostatic hypotension (low blood pressure upon standing) that persists for weeks to years Fainting Constipation and gastrointestinal dysmotility (a condition in which the muscles and nerves of the digestive system do not move food through the digestive tract efficiently) Urinary retention Fixed and dilated pupils Dry mouth and eyes Some people with autoimmune autonomic ganglionopathy present with POTS-like symptoms.
0003292,GARD,https://rarediseases.info.nih.gov/gard/6799/jejunal-atresia,,C0266175,T019,Disorders,Apple peel syndrome|Apple peel small bowel syndrome|APSB|Apple-peel intestinal atresia|Familial apple peel jejunal atresia,0003292-2,Jejunal atresia,symptoms,What are the symptoms of Jejunal atresia ?,"What are the signs and symptoms of Jejunal atresia? Signs and symptoms of jejunal atresia vary but may include: Feeding difficulties Failure to thrive Vomiting bile (a bitter-tasting yellowish-green fluid) Abdominal swelling, especially the upper middle part just below the breast bone Absence of bowel movements after birth The Human Phenotype Ontology provides the following list of signs and symptoms for Jejunal atresia. If the information is available, the table below includes how often the symptom is seen in people with this condition. You can use the MedlinePlus Medical Dictionary to look up the definitions for these medical terms. Signs and Symptoms Approximate number of patients (when available) Autosomal recessive inheritance - Jejunal atresia - The Human Phenotype Ontology (HPO) has collected information on how often a sign or symptom occurs in a condition. Much of this information comes from Orphanet, a European rare disease database. The frequency of a sign or symptom is usually listed as a rough estimate of the percentage of patients who have that feature. The frequency may also be listed as a fraction. The first number of the fraction is how many people had the symptom, and the second number is the total number of people who were examined in one study. For example, a frequency of 25/25 means that in a study of 25 people all patients were found to have that symptom. Because these frequencies are based on a specific study, the fractions may be different if another group of patients are examined. Sometimes, no information on frequency is available. In these cases, the sign or symptom may be rare or common."
0000855,GHR,https://ghr.nlm.nih.gov/condition/pyruvate-dehydrogenase-deficiency,,C0034345,T047,Disorders,ataxia with lactic acidosis|intermittent ataxia with pyruvate dehydrogenase deficiency|PDH deficiency|PDHC deficiency|pyruvate dehydrogenase complex deficiency,0000855-5,pyruvate dehydrogenase deficiency,treatment,What are the treatments for pyruvate dehydrogenase deficiency ?,These resources address the diagnosis or management of pyruvate dehydrogenase deficiency:  - Genetic Testing Registry: Pyruvate dehydrogenase E1-beta deficiency  - Genetic Testing Registry: Pyruvate dehydrogenase E2 deficiency  - Genetic Testing Registry: Pyruvate dehydrogenase E3-binding protein deficiency  - Genetic Testing Registry: Pyruvate dehydrogenase complex deficiency  - Genetic Testing Registry: Pyruvate dehydrogenase phosphatase deficiency   These resources from MedlinePlus offer information about the diagnosis and management of various health conditions:  - Diagnostic Tests  - Drug Therapy  - Surgery and Rehabilitation  - Genetic Counseling   - Palliative Care
0004627,GARD,https://rarediseases.info.nih.gov/gard/4148/osteopathia-striata-cranial-sclerosis,,C0432268,T047,Disorders,OSCS|Hyperostosis generalisata with striations|Osteopathia striata - cranial sclerosis|Robinow-Unger syndrome|Osteopathia striata-cranial sclerosis syndrome,0004627-2,Osteopathia striata cranial sclerosis,symptoms,What are the symptoms of Osteopathia striata cranial sclerosis ?,"What are the signs and symptoms of Osteopathia striata cranial sclerosis? The Human Phenotype Ontology provides the following list of signs and symptoms for Osteopathia striata cranial sclerosis. If the information is available, the table below includes how often the symptom is seen in people with this condition. You can use the MedlinePlus Medical Dictionary to look up the definitions for these medical terms. Signs and Symptoms Approximate number of patients (when available) Abnormality of pelvic girdle bone morphology 90% Craniofacial hyperostosis 90% Rough bone trabeculation 90% Cleft palate 50% Conductive hearing impairment 50% Delayed eruption of teeth 50% Frontal bossing 50% Macrocephaly 50% Malar flattening 50% Scoliosis 50% Wide nasal bridge 50% Intellectual disability, mild 33% High palate 15% Abnormality of the aorta 7.5% Asymmetry of the thorax 7.5% Cataract 7.5% Cerebral calcification 7.5% Cognitive impairment 7.5% Delayed speech and language development 7.5% Epicanthus 7.5% Facial palsy 7.5% Headache 7.5% Hyperlordosis 7.5% Low-set, posteriorly rotated ears 7.5% Neurological speech impairment 7.5% Short stature 7.5% Spina bifida occulta 7.5% Anal atresia 5% Anal stenosis 5% Multicystic kidney dysplasia 5% Omphalocele 5% Apnea - Arachnodactyly - Atria septal defect - Bifid uvula - Broad ribs - Camptodactyly - Cleft upper lip - Clinodactyly of the 5th finger - Craniofacial osteosclerosis - Delayed closure of the anterior fontanelle - Dental crowding - Dental malocclusion - Failure to thrive - Fibular aplasia - Fibular hypoplasia - Flexion contracture of toe - Gastroesophageal reflux - Hydrocephalus - Hypertelorism - Intestinal malrotation - Joint contracture of the hand - Large fontanelles - Laryngeal web - Microtia - Muscular hypotonia - Narrow forehead - Nasal speech - Natal tooth - Oligohydramnios - Osteopathia striata - Overfolded helix - Paranasal sinus hypoplasia - Partial agenesis of the corpus callosum - Patent ductus arteriosus - Pectus excavatum - Pierre-Robin sequence - Polyhydramnios - Sclerosis of skull base - Seizures - Straight clavicles - Talipes equinovarus - Thick lower lip vermilion - Thickened calvaria - Thoracolumbar kyphosis - Tracheomalacia - Ventricular septal defect - Webbed neck - Wide intermamillary distance - X-linked dominant inheritance - The Human Phenotype Ontology (HPO) has collected information on how often a sign or symptom occurs in a condition. Much of this information comes from Orphanet, a European rare disease database. The frequency of a sign or symptom is usually listed as a rough estimate of the percentage of patients who have that feature. The frequency may also be listed as a fraction. The first number of the fraction is how many people had the symptom, and the second number is the total number of people who were examined in one study. For example, a frequency of 25/25 means that in a study of 25 people all patients were found to have that symptom. Because these frequencies are based on a specific study, the fractions may be different if another group of patients are examined. Sometimes, no information on frequency is available. In these cases, the sign or symptom may be rare or common."
0000047,NHLBI,http://www.nhlbi.nih.gov/health/health-topics/topics/cough,,C0010200|C1961131,T033|T184,Disorders,,0000047-3,Cough,susceptibility,Who is at risk for Cough? ?,"People at risk for cough include those who:
                
Are exposed to things that irritate their airways (called irritants) or things that they're allergic to (called allergens). Examples of irritants are cigarette smoke, air pollution, paint fumes, and scented products. Examples of allergens are dust, animal dander, mold, and pollens from trees, grasses, and flowers.
                
Have certain conditions that irritate the lungs, such as asthma, sinus infections, colds, or gastroesophageal reflux disease.
                
Smoke. Smoking can irritate your lungs and cause coughing. Smoking and/or exposure to secondhand smoke also can lead to medical conditions that can cause a cough.
                
Take certain medicines, such as ACE inhibitors and beta blockers. ACE inhibitors are used to treat high blood pressure (HBP). Beta blockers are used to treat HBP, migraine headaches, and glaucoma.
                
Women are more likely than men to develop a chronic cough. For more information about the substances and conditions that put you at risk for cough, go to ""What Causes Cough?"""
0003989,GARD,https://rarediseases.info.nih.gov/gard/3579/methylmalonic-acidemia-with-homocystinuria,,C1848561|C0268030,T046|T047,Disorders,"Methylmalonic acidemia and homocystinemia|Disorders of Intracellular Cobalamin Metabolism|Methylmalonic acidemia with homocystinuria, type cblC|Methylmalonic acidemia with homocystinuria, type cblD|Methylmalonic acidemia with homocystinuria, type cblF|Methylmalonic acidemia with homocystinuria, type cblJ",0003989-1,Methylmalonic acidemia with homocystinuria,symptoms,What are the symptoms of Methylmalonic acidemia with homocystinuria ?,"What are the signs and symptoms of Methylmalonic acidemia with homocystinuria? The Human Phenotype Ontology provides the following list of signs and symptoms for Methylmalonic acidemia with homocystinuria. If the information is available, the table below includes how often the symptom is seen in people with this condition. You can use the MedlinePlus Medical Dictionary to look up the definitions for these medical terms. Signs and Symptoms Approximate number of patients (when available) Abnormality of the oral cavity 90% Anorexia 90% Cognitive impairment 90% Feeding difficulties in infancy 90% Hydrocephalus 90% Megaloblastic anemia 90% Microcephaly 90% Muscular hypotonia 90% Pallor 90% Reduced consciousness/confusion 90% Retinopathy 90% Seizures 90% Behavioral abnormality 50% Gait disturbance 50% Infantile onset 50% Skin rash 7.5% Abnormality of extrapyramidal motor function - Autosomal recessive inheritance - Cerebral cortical atrophy - Confusion - Cystathioninemia - Cystathioninuria - Decreased adenosylcobalamin - Decreased methionine synthase activity - Decreased methylcobalamin - Decreased methylmalonyl-CoA mutase activity - Dementia - Failure to thrive - Hematuria - Hemolytic-uremic syndrome - High forehead - Homocystinuria - Hyperhomocystinemia - Hypomethioninemia - Intellectual disability - Lethargy - Long face - Low-set ears - Macrotia - Metabolic acidosis - Methylmalonic acidemia - Methylmalonic aciduria - Nephropathy - Neutropenia - Nystagmus - Pigmentary retinopathy - Proteinuria - Reduced visual acuity - Renal insufficiency - Smooth philtrum - Thrombocytopenia - Thromboembolism - Tremor - Visual impairment - The Human Phenotype Ontology (HPO) has collected information on how often a sign or symptom occurs in a condition. Much of this information comes from Orphanet, a European rare disease database. The frequency of a sign or symptom is usually listed as a rough estimate of the percentage of patients who have that feature. The frequency may also be listed as a fraction. The first number of the fraction is how many people had the symptom, and the second number is the total number of people who were examined in one study. For example, a frequency of 25/25 means that in a study of 25 people all patients were found to have that symptom. Because these frequencies are based on a specific study, the fractions may be different if another group of patients are examined. Sometimes, no information on frequency is available. In these cases, the sign or symptom may be rare or common."
0000822,MPlusHealthTopics,https://www.nlm.nih.gov/medlineplus/skinpigmentationdisorders.html,Disease,C1704421,T047,Disorders,Hyperpigmentation|Hypopigmentation,0000822-1,Skin Pigmentation Disorders,information,What is (are) Skin Pigmentation Disorders ?,"Pigmentation means coloring. Skin pigmentation disorders affect the color of your skin. Your skin gets its color from a pigment called melanin. Special cells in the skin make melanin. When these cells become damaged or unhealthy, it affects melanin production. Some pigmentation disorders affect just patches of skin. Others affect your entire body.     If your body makes too much melanin, your skin gets darker. Pregnancy, Addison's disease, and sun exposure all can make your skin darker. If your body makes too little melanin, your skin gets lighter. Vitiligo is a condition that causes patches of light skin. Albinism is a genetic condition affecting a person's skin. A person with albinism may have no color, lighter than normal skin color, or patchy missing skin color. Infections, blisters and burns can also cause lighter skin."
0000159,NIDDK,http://www.niddk.nih.gov/health-information/health-topics/kidney-disease/lupus-nephritis/Pages/index.aspx,,C0027697|C0024143,T047,Disorders,,0000159-5,Lupus Nephritis,treatment,What are the treatments for Lupus Nephritis ?,"Lupus nephritis is treated with medications that suppress the immune system, so it stops attacking and damaging the kidneys. Standard treatment includes a corticosteroid, usually prednisone, to reduce inflammation in the kidneys. An immunosuppressive medication, such as cyclophosphamide or mycophenolate mofetil, is typically used with prednisone. These medicationswhen taken as prescribed by a health care providerfurther decrease the activity of the immune system and block the bodys immune cells from attacking the kidneys directly or making antibodies that attack the kidneys. Antibodies are proteins made by the immune system to protect the body from foreign substances such as bacteria or viruses. Hydroxychloroquine, a medication for treating SLE, should also be prescribed or continued for people with lupus nephritis.
                
People with lupus nephritis that is causing high blood pressure may need to take medications that lower their blood pressure and can also significantly slow the progression of kidney disease. Two types of blood pressure lowering medications, angiotensin-converting enzyme (ACE) inhibitors and angiotensin receptor blockers (ARBs), have proven effective in slowing the progression of kidney disease. Many people require two or more medications to control their blood pressure. In addition to an ACE inhibitor or an ARB, a diuretica medication that helps the kidneys remove fluid from the bodymay be prescribed. Beta blockers, calcium channel blockers, and other blood pressure medications may also be needed.
                
Blood pressure is written with two numbers separated by a slash, 120/80, and is said as 120 over 80. The top number is called the systolic pressure and represents the pressure as the heart beats and pushes blood through the blood vessels. The bottom number is called the diastolic pressure and represents the pressure as blood vessels relax between heartbeats. High blood pressure is a systolic pressure of 140 or above or a diastolic pressure of 90 or above.2"
0001809,GARD,https://rarediseases.info.nih.gov/gard/8648/desmoplastic-infantile-ganglioglioma,,C1321878,T191,Disorders,DIG,0001809-3,Desmoplastic infantile ganglioglioma,exams and tests,How to diagnose Desmoplastic infantile ganglioglioma ?,"How are desmoplastic infantile gangliomas diagnosed? In addition to detecting the signs and symptoms commonly seen in DIGs, head CT scans and MRIs may reveal the presence of this type of brain tumor."
0000425,GHR,https://ghr.nlm.nih.gov/condition/glycogen-storage-disease-type-ix,,C0268147|C0267971,T047,Disorders,GSD IX|GSDIX|PhK deficiency|phosphorylase b kinase deficiency|phosphorylase kinase deficiency,0000425-4,glycogen storage disease type IX,inheritance,Is glycogen storage disease type IX inherited ?,"GSD IX can have different inheritance patterns depending on the genetic cause of the condition.  When caused by mutations in the PHKA1 or PHKA2 gene, GSD IX is inherited in an X-linked recessive pattern. These genes are located on the X chromosome, which is one of the two sex chromosomes. In males (who have only one X chromosome), one altered copy of the gene in each cell is sufficient to cause the condition. In females (who have two X chromosomes), a mutation would have to occur in both copies of the gene to cause the disorder. However, some women with one altered copy of the PHKA2 gene have signs and symptoms of GSD IX, such as mild hepatomegaly or short stature in childhood. These features are usually mild but can be more severe in rare cases. Because it is unlikely that females will have two altered copies of this gene, males are affected by X-linked recessive disorders much more frequently than females. A characteristic of X-linked inheritance is that fathers cannot pass X-linked traits to their sons.  When the condition is caused by mutations in the PHKB or PHKG2 gene, it is inherited in an autosomal recessive pattern, which means both copies of the gene in each cell have mutations. The parents of an individual with an autosomal recessive condition each carry one copy of the mutated gene, but they typically do not show signs and symptoms of the condition."
0003698,GARD,https://rarediseases.info.nih.gov/gard/9217/lymphedema-and-cerebral-arteriovenous-anomaly,,C0003857|C0024236,T019|T047,Disorders,"Primary pulmonary hypertension, cerebrovascular malformation and lymphedema feet",0003698-1,Lymphedema and cerebral arteriovenous anomaly,symptoms,What are the symptoms of Lymphedema and cerebral arteriovenous anomaly ?,"What are the signs and symptoms of Lymphedema and cerebral arteriovenous anomaly? The Human Phenotype Ontology provides the following list of signs and symptoms for Lymphedema and cerebral arteriovenous anomaly. If the information is available, the table below includes how often the symptom is seen in people with this condition. You can use the MedlinePlus Medical Dictionary to look up the definitions for these medical terms. Signs and Symptoms Approximate number of patients (when available) Abnormality of the cerebral vasculature 90% Lymphedema 90% Autosomal dominant inheritance - Pulmonary hypertension - The Human Phenotype Ontology (HPO) has collected information on how often a sign or symptom occurs in a condition. Much of this information comes from Orphanet, a European rare disease database. The frequency of a sign or symptom is usually listed as a rough estimate of the percentage of patients who have that feature. The frequency may also be listed as a fraction. The first number of the fraction is how many people had the symptom, and the second number is the total number of people who were examined in one study. For example, a frequency of 25/25 means that in a study of 25 people all patients were found to have that symptom. Because these frequencies are based on a specific study, the fractions may be different if another group of patients are examined. Sometimes, no information on frequency is available. In these cases, the sign or symptom may be rare or common."
0000051,GHR,https://ghr.nlm.nih.gov/condition/amish-lethal-microcephaly,,C3151529|C1846648,T047|T033,Disorders,"Amish microcephaly|MCPHA|microcephaly, Amish type",0000051-1,Amish lethal microcephaly,information,What is (are) Amish lethal microcephaly ?,"Amish lethal microcephaly is a disorder in which infants are born with a very small head and underdeveloped brain.  Infants with Amish lethal microcephaly have a sloping forehead and an extremely small head size. They may also have an unusually small lower jaw and chin (micrognathia) and an enlarged liver (hepatomegaly).  Affected infants may have seizures and difficulty maintaining their body temperature. Often they become very irritable starting in the second or third month of life. A compound called alpha-ketoglutaric acid can be detected in their urine (alpha-ketoglutaric aciduria), and during episodes of viral illness they tend to develop elevated levels of acid in the blood and tissues (metabolic acidosis). Infants with this disorder typically feed adequately but do not develop skills such as purposeful movement or the ability to track faces and sounds. Affected infants live only about six months."
0000507,GHR,https://ghr.nlm.nih.gov/condition/hypomyelination-and-congenital-cataract,,C1864663,T019|T047,Disorders,HCC,0000507-5,hypomyelination and congenital cataract,treatment,What are the treatments for hypomyelination and congenital cataract ?,These resources address the diagnosis or management of hypomyelination and congenital cataract:  - Gene Review: Gene Review: Hypomyelination and Congenital Cataract  - Genetic Testing Registry: Hypomyelination and Congenital Cataract  - MedlinePlus Encyclopedia: Congenital Cataract  - MedlinePlus Encyclopedia: Muscle Atrophy   These resources from MedlinePlus offer information about the diagnosis and management of various health conditions:  - Diagnostic Tests  - Drug Therapy  - Surgery and Rehabilitation  - Genetic Counseling   - Palliative Care
0000837,GHR,https://ghr.nlm.nih.gov/condition/protein-c-deficiency,,C0398625,T047,Disorders,hereditary thrombophilia due to protein C deficiency|PROC deficiency,0000837-3,protein C deficiency,genetic changes,What are the genetic changes related to protein C deficiency ?,"Protein C deficiency is caused by mutations in the PROC gene. This gene provides instructions for making protein C, which is found in the bloodstream and is important for controlling blood clotting. Protein C blocks the activity of (inactivates) certain proteins that promote blood clotting.  Most of the mutations that cause protein C deficiency change single protein building blocks (amino acids) in protein C, which disrupts its ability to control blood clotting. Individuals with this condition do not have enough functional protein C to inactivate clotting proteins, which results in the increased risk of developing abnormal blood clots. Protein C deficiency can be divided into type I and type II based on how mutations in the PROC gene affect protein C. Type I is caused by PROC gene mutations that result in reduced levels of protein C, while type II is caused by PROC gene mutations that result in the production of an altered protein C with reduced activity. Both types of mutations can be associated with mild or severe protein C deficiency; the severity is determined by the number of PROC gene mutations an individual has."
0000027,NINDS,http://www.ninds.nih.gov/disorders/arachnoid_cysts/arachnoid_cysts.htm,,C0078981,T047,Disorders,,0000027-3,Arachnoid Cysts,outlook,What is the outlook for Arachnoid Cysts ?,"Untreated, arachnoid cysts may cause permanent severe neurological damage when progressive expansion of the cyst(s) or bleeding into the cyst injures the brain or spinal cord. Symptoms usually resolve or improve with treatment."
0000189,NIDDK,http://www.niddk.nih.gov/health-information/health-topics/liver-disease/porphyria/Pages/facts.aspx,,C0032708,T047,Disorders,,0000189-10,Porphyria,considerations,What to do for Porphyria ?,"- Porphyrias are rare disorders that affect mainly the skin or nervous system and may cause abdominal pain.  - Each of the eight types of porphyria corresponds to low levels of a specific enzyme in the heme biosynthetic pathway.  - The exact rates of porphyria are unknown and vary around the world. For example, porphyria cutanea tarda is most common in the United States, and variegate porphyria is most common in South America.  - Most porphyrias result from inheriting an abnormal gene, also called a gene mutation, from one parent.  - Porphyria cutanea tarda is usually an acquired disorder, meaning factors other than genes cause the enzyme deficiency.  - Symptoms of cutaneous porphyrias include      - oversensitivity to sunlight    - blisters on exposed areas of the skin    - itching and swelling on exposed areas of the skin    - Symptoms of acute porphyrias include      - pain in the abdomen    - pain in the chest, limbs, or back    - nausea and vomiting    - constipation    - urinary retention    - confusion    - hallucinations    - seizures and muscle weakness    - A health care provider diagnoses porphyria with blood, urine, and stool tests.  - Treatment for porphyria depends on the type of porphyria the person has and the severity of the symptoms."
0000394,GHR,https://ghr.nlm.nih.gov/condition/fucosidosis,,C0016788,T047,Disorders,Alpha-fucosidase deficiency|Fucosidase deficiency|Fucosidase Deficiency Disease,0000394-4,fucosidosis,inheritance,Is fucosidosis inherited ?,"This condition is inherited in an autosomal recessive pattern, which means both copies of the gene in each cell have mutations. The parents of an individual with an autosomal recessive condition each carry one copy of the mutated gene, but they typically do not show signs and symptoms of the condition."
0004919,GARD,https://rarediseases.info.nih.gov/gard/5034/platelet-storage-pool-deficiency,,C0032197,T047,Disorders,Platelet storage pool diseases|Storage pool platelet disease,0004919-4,Platelet storage pool deficiency,inheritance,Is Platelet storage pool deficiency inherited ?,"Is platelet storage pool deficiency inherited? Platelet storage pool deficiency refers to a group of conditions that can be acquired (non-inherited) or inherited. Hereditary forms of the condition may be inherited in an autosomal dominant, autosomal recessive, or X-linked manner. In autosomal dominant conditions, one changed (mutated) copy of the responsible gene in each cell is enough to cause signs or symptoms of the condition. When a person with an autosomal dominant condition has children, each child has a 50% (1 in 2) risk to inherit the mutated copy of the gene from the affected parent. When a condition is inherited in an autosomal recessive manner, a person must have a change in both copies of the responsible gene in each cell. The parents of an affected person usually each carry one mutated copy of the gene and are referred to as carriers. Carriers typically do not show signs or symptoms of the condition. When two carriers of an autosomal recessive condition have children, each child has a 25% (1 in 4) risk to have the condition, a 50% (1 in 2) risk to be a carrier like each of the parents, and a 25% chance to not have the condition and not be a carrier. A condition is considered X-linked if the mutated gene that causes the condition is located on the X chromosome, one of the two sex chromosomes (the Y chromosome is the other sex chromosome). Women have two X chromosomes and men have an X and a Y chromosome. X-linked conditions can be X-linked dominant or X-linked recessive. The inheritance is X-linked dominant if one copy of the altered gene in each cell is sufficient to cause the condition. Women with an X-linked dominant condition have a 50% chance of passing the condition on to a son or a daughter with each pregnancy. Men with an X-linked dominant condition will pass the condition on to all of their daughters and none of their sons. The inheritance is X-linked recessive if a gene on the X chromosome causes the condition in men with one gene mutation (they have only one X chromosome) and in females with two gene mutations (they have two X chromosomes). A woman with an X-linked condition will pass the mutation on to all of her sons and daughters. This means that all of her sons will have the condition and all of her daughters will be carriers. A man with an X-linked recessive condition will pass the mutation to all of his daughters (carriers) and none of his sons."
0000389,GHR,https://ghr.nlm.nih.gov/condition/frontometaphyseal-dysplasia,,C0265293,T019|T047,Disorders,FMD,0000389-2,frontometaphyseal dysplasia,frequency,How many people are affected by frontometaphyseal dysplasia ?,Frontometaphyseal dysplasia is a rare disorder; only a few dozen cases have been reported worldwide.
0006254,GARD,https://rarediseases.info.nih.gov/gard/3102/tylosis-with-esophageal-cancer,,C1835664,T191,Disorders,TOC|Keratosis palmoplantaris with esophageal cancer|Howel-Evans syndrome|Keratosis palmaris et plantaris with esophageal cancer|Howell-Evans syndrome|Palmoplantar keratoderma,0006254-5,Tylosis with esophageal cancer,treatment,What are the treatments for Tylosis with esophageal cancer ?,"How might Tylosis with esophageal cancer be treated? Affected individuals may have periodic endoscopic and oral cavity evaluations by a gastroentrologist to detect esophageal cancer. For the palmoplantar keratoderma, a dermatologist may recommend oral retinoids such as etretinate, isotretinoin, and acitretin. Topical therapies may include soaking in salt water and then gentle removal of dead tissue (debridement) and 50% propylene glycol in water under plastic dressing overnight weekly."
0000209,NINDS,http://www.ninds.nih.gov/disorders/thyrotoxic_myopathy/thyrotoxic_myopathy.htm,,C0270986,T047,Disorders,,0000209-2,Thyrotoxic Myopathy,treatment,What are the treatments for Thyrotoxic Myopathy ?,"Treatment involves restoring normal levels of thyroid hormone and may include thyroid drugs, radioactive iodine, and sometimes partial or complete surgical removal of the thyroid."
0004387,GARD,https://rarediseases.info.nih.gov/gard/1223/neuronal-ceroid-lipofuscinosis-5,,C0027877,T047,Disorders,"CLN5|Neuronal ceroid lipofuscinosis Finnish variant|CLN5 disease, late infantile (subtype)|CLN5 disease, juvenile|CLN5 disease, adult|Neuronal ceroid lipofuscinosis",0004387-2,Neuronal ceroid lipofuscinosis 5,symptoms,What are the symptoms of Neuronal ceroid lipofuscinosis 5 ?,"What are the signs and symptoms of Neuronal ceroid lipofuscinosis 5? The Human Phenotype Ontology provides the following list of signs and symptoms for Neuronal ceroid lipofuscinosis 5. If the information is available, the table below includes how often the symptom is seen in people with this condition. You can use the MedlinePlus Medical Dictionary to look up the definitions for these medical terms. Signs and Symptoms Approximate number of patients (when available) Cerebellar atrophy 5% Dysarthria 5% Dysdiadochokinesis 5% Dysmetria 5% Nystagmus 5% Abnormal nervous system electrophysiology - Autosomal recessive inheritance - Clumsiness - Curvilinear intracellular accumulation of autofluorescent lipopigment storage material - Developmental regression - Fingerprint intracellular accumulation of autofluorescent lipopigment storage material - Increased neuronal autofluorescent lipopigment - Intellectual disability - Motor deterioration - Myoclonus - Progressive visual loss - Rectilinear intracellular accumulation of autofluorescent lipopigment storage material - Retinal degeneration - Seizures - The Human Phenotype Ontology (HPO) has collected information on how often a sign or symptom occurs in a condition. Much of this information comes from Orphanet, a European rare disease database. The frequency of a sign or symptom is usually listed as a rough estimate of the percentage of patients who have that feature. The frequency may also be listed as a fraction. The first number of the fraction is how many people had the symptom, and the second number is the total number of people who were examined in one study. For example, a frequency of 25/25 means that in a study of 25 people all patients were found to have that symptom. Because these frequencies are based on a specific study, the fractions may be different if another group of patients are examined. Sometimes, no information on frequency is available. In these cases, the sign or symptom may be rare or common."
0000024_4,CancerGov,https://www.cancer.gov/types/head-and-neck/patient/metastatic-squamous-neck-treatment-pdq,,C0746787|C0220635,T191,Disorders,,0000024_4-1,Metastatic Squamous Neck Cancer with Occult Primary,information,What is (are) Metastatic Squamous Neck Cancer with Occult Primary ?,"Key Points
                    - Metastatic squamous neck cancer with occult primary is a disease in which squamous cell cancer spreads to lymph nodes in the neck and it is not known where the cancer first formed in the body.    - Signs and symptoms of metastatic squamous neck cancer with occult primary include a lump or pain in the neck or throat.     - Tests that examine the tissues of the neck, respiratory tract, and upper part of the digestive tract are used to detect (find) and diagnose metastatic squamous neck cancer and the primary tumor.    - Certain factors affect prognosis (chance of recovery) and treatment options.
                
                
                    Metastatic squamous neck cancer with occult primary is a disease in which squamous cell cancer spreads to lymph nodes in the neck and it is not known where the cancer first formed in the body.
                    Squamous cells are thin, flat cells found in tissues that form the surface of the skin and the lining of body cavities such as the mouth, hollow organs such as the uterus and blood vessels, and the lining of the respiratory (breathing) and digestive tracts. Some organs with squamous cells are the esophagus, lungs, kidneys, and uterus. Cancer can begin in squamous cells anywhere in the body and metastasize (spread) through the blood or lymph system to other parts of the body.    When squamous cell cancer spreads to lymph nodes in the neck or around the collarbone, it is called metastatic squamous neck cancer. The doctor will try to find the primary tumor (the cancer that first formed in the body), because treatment for metastatic cancer is the same as treatment for the primary tumor. For example, when lung cancer spreads to the neck, the cancer cells in the neck are lung cancer cells and they are treated the same as the cancer in the lung. Sometimes doctors cannot find where in the body the cancer first began to grow. When tests cannot find a primary tumor, it is called an occult (hidden) primary tumor. In many cases, the primary tumor is never found."
0000423,GHR,https://ghr.nlm.nih.gov/condition/glycogen-storage-disease-type-iii,,C0267971|C0017922,T047,Disorders,AGL deficiency|Cori disease|Cori's disease|debrancher deficiency|Forbes disease|glycogen debrancher deficiency|GSD III|GSD3|limit dextrinosis,0000423-3,glycogen storage disease type III,genetic changes,What are the genetic changes related to glycogen storage disease type III ?,"Mutations in the AGL gene cause GSDIII. The AGL gene provides instructions for making the glycogen debranching enzyme. This enzyme is involved in the breakdown of glycogen, which is a major source of stored energy in the body. Between meals the body breaks down stores of energy, such as glycogen, to use for fuel.  Most AGL gene mutations lead to the production of a nonfunctional glycogen debranching enzyme. These mutations typically cause GSD types IIIa and IIIb. The mutations that cause GSD types IIIc and IIId are thought to lead to the production of an enzyme with reduced function. All AGL gene mutations lead to storage of abnormal, partially broken down glycogen molecules within cells. A buildup of abnormal glycogen damages organs and tissues throughout the body, particularly the liver and muscles, leading to the signs and symptoms of GSDIII."
0005494,GARD,https://rarediseases.info.nih.gov/gard/246/schisis-association,,C2931271,T047,Disorders,Midline development field defects,0005494-1,Schisis association,symptoms,What are the symptoms of Schisis association ?,"What are the signs and symptoms of Schisis association? The Human Phenotype Ontology provides the following list of signs and symptoms for Schisis association. If the information is available, the table below includes how often the symptom is seen in people with this condition. You can use the MedlinePlus Medical Dictionary to look up the definitions for these medical terms. Signs and Symptoms Approximate number of patients (when available) Anencephaly 90% Cleft palate 90% Non-midline cleft lip 90% Omphalocele 90% Congenital diaphragmatic hernia 50% Encephalocele 50% Spina bifida 50% Microcephaly 7.5% Micromelia 7.5% Renal hypoplasia/aplasia 7.5% Tracheoesophageal fistula 7.5% Urogenital fistula 7.5% The Human Phenotype Ontology (HPO) has collected information on how often a sign or symptom occurs in a condition. Much of this information comes from Orphanet, a European rare disease database. The frequency of a sign or symptom is usually listed as a rough estimate of the percentage of patients who have that feature. The frequency may also be listed as a fraction. The first number of the fraction is how many people had the symptom, and the second number is the total number of people who were examined in one study. For example, a frequency of 25/25 means that in a study of 25 people all patients were found to have that symptom. Because these frequencies are based on a specific study, the fractions may be different if another group of patients are examined. Sometimes, no information on frequency is available. In these cases, the sign or symptom may be rare or common."
0000215,NIDDK,http://www.niddk.nih.gov/health-information/health-topics/urologic-disease/urinary-tract-infection-in-children/Pages/facts.aspx,,C3825554|C3714514,T046|T047,Disorders,,0000215-13,Urinary Tract Infections in Children,prevention,How to prevent Urinary Tract Infections in Children ?,"If a child has a normal urinary tract, parents can help the child avoid UTIs by encouraging regular trips to the bathroom. The parents should make sure the child gets enough to drink if infrequent urination is a problem. The child should be taught proper cleaning techniques after using the bathroom to keep bacteria from entering the urinary tract. Loose-fitting clothes and cotton underwear allow air to dry the area. Parents should consult a health care provider about the best ways to treat constipation."
0000822,GHR,https://ghr.nlm.nih.gov/condition/primary-macronodular-adrenal-hyperplasia,,C0342495,T190,Disorders,ACTH-independent macronodular adrenal hyperplasia|ACTH-independent macronodular adrenocortical hyperplasia|adrenal Cushing syndrome due to AIMAH|adrenocorticotropic hormone-independent macronodular adrenal hyperplasia|AIMAH|corticotropin-independent macronodular adrenal hyperplasia|PMAH|primary bilateral macronodular adrenal hyperplasia,0000822-1,primary macronodular adrenal hyperplasia,information,What is (are) primary macronodular adrenal hyperplasia ?,"Primary macronodular adrenal hyperplasia (PMAH) is a disorder characterized by multiple lumps (nodules) in the adrenal glands, which are small hormone-producing glands located on top of each kidney. These nodules, which usually are found in both adrenal glands (bilateral) and vary in size, cause adrenal gland enlargement (hyperplasia) and result in the production of higher-than-normal levels of the hormone cortisol. Cortisol is an important hormone that suppresses inflammation and protects the body from physical stress such as infection or trauma through several mechanisms including raising blood sugar levels.  PMAH typically becomes evident in a person's forties or fifties. It is considered a form of Cushing syndrome, which is characterized by increased levels of cortisol resulting from one of many possible causes. These increased cortisol levels lead to weight gain in the face and upper body, fragile skin, bone loss, fatigue, and other health problems. However, some people with PMAH do not experience these signs and symptoms and are said to have subclinical Cushing syndrome."
0000043_1,CancerGov,https://www.cancer.gov/types/vulvar/patient/vulvar-treatment-pdq,,C0375071|C0677055,T191,Disorders,,0000043_1-2,Vulvar Cancer,symptoms,What are the symptoms of Vulvar Cancer ?,"Signs of vulvar cancer include bleeding or itching. Vulvar cancer often does not cause early signs or symptoms. Signs and symptoms may be caused by vulvar cancer or by other conditions. Check with your doctor if you have any of the following:         - A lump or growth on the vulva.    - Changes in the vulvar skin, such as color changes or growths that look like a wart or ulcer.    - Itching in the vulvar area, that does not go away.    - Bleeding not related to menstruation (periods).    - Tenderness in the vulvar area."
0000017,MPlusHealthTopics,https://www.nlm.nih.gov/medlineplus/africanamericanhealth.html,Other,,,,,0000017-1,African American Health,information,Do you have information about African American Health,"Summary : Every racial or ethnic group has specific health concerns. Differences in the health of groups can result from       - Genetics    - Environmental factors    - Access to care    - Cultural factors        On this page, you'll find links to health issues that affect African Americans."
0001383,GARD,https://rarediseases.info.nih.gov/gard/9272/cluttering,,C0009090,T184,Disorders,Tachyphemia,0001383-1,Cluttering,information,What is (are) Cluttering ?,"Cluttering is a disorder that affects the way a person speaks. It is characterized by a rapid speaking rate and inability to maintain normally expected sound, syllable, phrase, and pausing patterns while speaking. Other symptoms may include stuttering; language or phonological errors (problems organizing sounds); and attention deficits. The disorder seems to result from disorganized speech planning, talking too fast or in spurts, or simply being unsure of what one wants to say. Therapy generally focuses on the symptoms present in each individual and may include slowing the rate of speech and clearly producing speech sounds (articulating). Articulation and language problems are often reduced if the affected individual can achieve a slower rate of speech."
0000538,GHR,https://ghr.nlm.nih.gov/condition/isolated-pierre-robin-sequence,,C0031900,T019|T047,Disorders,"glossoptosis, micrognathia, and cleft palate|Pierre Robin syndrome|Pierre-Robin syndrome|Robin sequence|Robin syndrome",0000538-2,isolated Pierre Robin sequence,frequency,How many people are affected by isolated Pierre Robin sequence ?,"Isolated Pierre Robin sequence affects an estimated 1 in 8,500 to 14,000 people."
0000518,GHR,https://ghr.nlm.nih.gov/condition/infantile-neuroaxonal-dystrophy,,C0270724,T047,Disorders,"INAD|NBIA, PLA2G6-related|neurodegeneration with brain iron accumulation, PLA2G6-related|Seitelberger disease|Seitelberger's disease",0000518-5,infantile neuroaxonal dystrophy,treatment,What are the treatments for infantile neuroaxonal dystrophy ?,These resources address the diagnosis or management of infantile neuroaxonal dystrophy:  - Gene Review: Gene Review: PLA2G6-Associated Neurodegeneration  - Genetic Testing Registry: Infantile neuroaxonal dystrophy   These resources from MedlinePlus offer information about the diagnosis and management of various health conditions:  - Diagnostic Tests  - Drug Therapy  - Surgery and Rehabilitation  - Genetic Counseling   - Palliative Care
0000094,NHLBI,http://www.nhlbi.nih.gov/health/health-topics/topics/ohs,,C0031880,T047,Disorders,,0000094-2,Obesity Hypoventilation Syndrome,causes,What causes Obesity Hypoventilation Syndrome ?,"Obesity hypoventilation syndrome (OHS) is a breathing disorder that affects some obese people. Why these people develop OHS isn't fully known. Researchers think that several factors may work together to cause OHS. These factors include:
                
A respiratory (RES-pih-rah-tor-e) system that has to work harder than normal and perhaps differently because of excess body weight. (The respiratory system is a group of organs and tissues, including the lungs, that helps you breathe.)
                
A slow response by the body to fix the problem of too much carbon dioxide and too little oxygen in the blood.
                
The presence of sleep apnea, usually obstructive sleep apnea."
0000925,GHR,https://ghr.nlm.nih.gov/condition/spastic-paraplegia-type-11,,C0030486|C1858479,T047,Disorders,autosomal recessive spastic paraplegia complicated with thin corpus callosum|autosomal recessive spastic paraplegia with mental impairment and thin corpus callosum|HSP-TCC|SPG11-related hereditary spastic paraplegia with thin corpus callosum,0000925-5,spastic paraplegia type 11,treatment,What are the treatments for spastic paraplegia type 11 ?,"These resources address the diagnosis or management of spastic paraplegia type 11:  - Gene Review: Gene Review: Spastic Paraplegia 11  - Genetic Testing Registry: Spastic paraplegia 11, autosomal recessive  - Spastic Paraplegia Foundation, Inc.: Treatments and Therapies   These resources from MedlinePlus offer information about the diagnosis and management of various health conditions:  - Diagnostic Tests  - Drug Therapy  - Surgery and Rehabilitation  - Genetic Counseling   - Palliative Care"
0001065,GHR,https://ghr.nlm.nih.gov/condition/x-linked-thrombocytopenia,,C1839163|C0040034,T047|T033,Disorders,thrombocytopenia 1|XLT,0001065-4,X-linked thrombocytopenia,inheritance,Is X-linked thrombocytopenia inherited ?,"This condition is inherited in an X-linked pattern. The gene associated with this condition is located on the X chromosome, which is one of the two sex chromosomes. In females (who have two X chromosomes), a mutation in one of the two copies of the gene in each cell may or may not cause the disorder. In males (who have only one X chromosome), a mutation in the only copy of the gene in each cell causes the disorder. In most cases of X-linked inheritance, males experience more severe symptoms of the disorder than females. A characteristic of X-linked inheritance is that fathers cannot pass X-linked traits to their sons."
0000087,GHR,https://ghr.nlm.nih.gov/condition/autoimmune-addison-disease,,C2103602|C0271737,T047,Disorders,autoimmune Addison's disease|autoimmune adrenalitis|classic Addison disease|primary Addison disease,0000087-4,autoimmune Addison disease,inheritance,Is autoimmune Addison disease inherited ?,"A predisposition to develop autoimmune Addison disease is passed through generations in families, but the inheritance pattern is unknown."
0000028_1,CancerGov,https://www.cancer.gov/types/skin/patient/skin-treatment-pdq,,C0007114,T191,Disorders,,0000028_1-5,Skin Cancer,stages,What are the stages of Skin Cancer ?,"Key Points
                    - After nonmelanoma skin cancer has been diagnosed, tests are done to find out if cancer cells have spread within the skin or to other parts of the body.     - There are three ways that cancer spreads in the body.    - Cancer may spread from where it began to other parts of the body.    - Staging of nonmelanoma skin cancer depends on whether the tumor has certain ""high-risk"" features and if the tumor is on the eyelid.    - The following stages are used for nonmelanoma skin cancer that is not on the eyelid:         - Stage 0 (Carcinoma in Situ)     - Stage I Stage I nonmelanoma skin cancer. The tumor is no more than 2 centimeters.     - Stage II Stage II nonmelanoma skin cancer. The tumor is more than 2 centimeters wide.     - Stage III     - Stage IV        - The following stages are used for nonmelanoma skin cancer on the eyelid:         - Stage 0 (Carcinoma in Situ)     - Stage I      - Stage II     - Stage III     - Stage IV        - Treatment is based on the type of nonmelanoma skin cancer or other skin condition diagnosed:         - Basal cell carcinoma     - Squamous cell carcinoma     - Actinic keratosis
                
                
                    After nonmelanoma skin cancer has been diagnosed, tests are done to find out if cancer cells have spread within the skin or to other parts of the body.
                    The process used to find out if cancer has spread within the skin or to other parts of the body is called staging. The information gathered from the staging process determines the stage of the disease. It is important to know the stage in order to plan treatment.    The following tests and procedures may be used in the staging process:         -   CT scan (CAT scan): A procedure that makes a series of detailed pictures of areas inside the body, taken from different angles. The pictures are made by a computer linked to an x-ray machine. A dye may be injected into a vein or swallowed to help the organs or tissues show up more clearly. This procedure is also called computed tomography, computerized tomography, or computerized axial tomography.    -   MRI (magnetic resonance imaging): A procedure that uses a magnet, radio waves, and a computer to make a series of detailed pictures of areas inside the body. This procedure is also called nuclear magnetic resonance imaging (NMRI).    -   Lymph node biopsy : For squamous cell carcinoma, the lymph nodes may be removed and checked to see if cancer has spread to them.
                
                
                    There are three ways that cancer spreads in the body.
                    Cancer can spread through tissue, the lymph system, and the blood:         - Tissue. The cancer spreads from where it began by growing into nearby areas.     - Lymph system. The cancer spreads from where it began by getting into the lymph system. The cancer travels through the lymph vessels to other parts of the body.     - Blood. The cancer spreads from where it began by getting into the blood. The cancer travels through the blood vessels to other parts of the body.
                
                
                    Cancer may spread from where it began to other parts of the body.
                    When cancer spreads to another part of the body, it is called metastasis. Cancer cells break away from where they began (the primary tumor) and travel through the lymph system or blood.         - Lymph system. The cancer gets into the lymph system, travels through the lymph vessels, and forms a tumor (metastatic tumor) in another part of the body.    - Blood. The cancer gets into the blood, travels through the blood vessels, and forms a tumor (metastatic tumor) in another part of the body.        The metastatic tumor is the same type of cancer as the primary tumor. For example, if skin cancer spreads to the lung, the cancer cells in the lung are actually skin cancer cells. The disease is metastatic skin cancer, not lung cancer.
                
                
                    Staging of nonmelanoma skin cancer depends on whether the tumor has certain ""high-risk"" features and if the tumor is on the eyelid.
                    Staging for nonmelanoma skin cancer that is on the eyelid is different from staging for nonmelanoma skin cancer that affects other parts of the body.     The following are high-risk features for nonmelanoma skin cancer that is not on the eyelid:         - The tumor is thicker than 2 millimeters.    - The tumor is described as Clark level IV (has spread into the lower layer of the dermis) or Clark level V (has spread into the layer of fat below the skin).    - The tumor has grown and spread along nerve pathways.    - The tumor began on an ear or on a lip that has hair on it.    - The tumor has cells that look very different from normal cells under a microscope.
                
                
                    The following stages are used for nonmelanoma skin cancer that is not on the eyelid:
                    Stage 0 (Carcinoma in Situ)     In stage 0, abnormal cells are found in the squamous cell or basal cell layer of the epidermis (topmost layer of the skin). These abnormal cells may become cancer and spread into nearby normal tissue. Stage 0 is also called carcinoma in situ.        Stage I     In stage I, cancer has formed. The tumor is not larger than 2 centimeters at its widest point and may have one high-risk feature.       Stage II     In stage II, the tumor is either:            - larger than 2 centimeters at its widest point; or     - any size and has two or more high-risk features.              Stage III    In stage III:            - The tumor has spread to the jaw, eye socket, or side of the skull. Cancer may have spread to one lymph node on the same side of the body as the tumor. The lymph node is not larger than 3 centimeters.              or              - Cancer has spread to one lymph node on the same side of the body as the tumor. The lymph node is not larger than 3 centimeters and one of the following is true:                  - the tumor is not larger than 2 centimeters at its widest point and may have one high-risk feature; or       - the tumor is larger than 2 centimeters at its widest point; or       - the tumor is any size and has two or more high-risk features.                          Stage IV    In stage IV, one of the following is true:            - The tumor is any size and may have spread to the jaw, eye socket, or side of the skull. Cancer has spread to one lymph node on the same side of the body as the tumor and the affected node is larger than 3 centimeters but not larger than 6 centimeters, or cancer has spread to more than one lymph node on one or both sides of the body and the affected nodes are not larger than 6 centimeters; or     - The tumor is any size and may have spread to the jaw, eye socket, skull, spine, or ribs. Cancer has spread to one lymph node that is larger than 6 centimeters; or      - The tumor is any size and has spread to the base of the skull, spine, or ribs. Cancer may have spread to the lymph nodes; or     - Cancer has spread to other parts of the body, such as the lung.
                
                
                    The following stages are used for nonmelanoma skin cancer on the eyelid:
                    Stage 0 (Carcinoma in Situ)    In stage 0, abnormal cells are found in the epidermis (topmost layer of the skin). These abnormal cells may become cancer and spread into nearby normal tissue. Stage 0 is also called carcinoma in situ.       Stage I      Stage I is divided into stages IA, IB, and IC.            -  Stage IA: The tumor is 5 millimeters or smaller and has not spread to the connective tissue of the eyelid or to the edge of the eyelid where the lashes are.      -  Stage IB: The tumor is larger than 5 millimeters but not larger than 10 millimeters or has spread to the connective tissue of the eyelid, or to the edge of the eyelid where the lashes are.     -  Stage IC: The tumor is larger than 10 millimeters but not larger than 20 millimeters or has spread through the full thickness of the eyelid.              Stage II    In stage II, one of the following is true:            - The tumor is larger than 20 millimeters.     - The tumor has spread to nearby parts of the eye or eye socket.     - The tumor has spread to spaces around the nerves in the eyelid.              Stage III     Stage III is divided into stages IIIA, IIIB, and IIIC.            -  Stage IIIA: To remove all of the tumor, the whole eye and part of the optic nerve must be removed. The bone, muscles, fat, and connective tissue around the eye may also be removed.     -  Stage IIIB: The tumor may be anywhere in or near the eye and has spread to nearby lymph nodes.     -  Stage IIIC: The tumor has spread to structures around the eye or in the face, or to the brain, and cannot be removed in surgery.              Stage IV    The tumor has spread to distant parts of the body.
                
                
                    Treatment is based on the type of nonmelanoma skin cancer or other skin condition diagnosed:
                    Basal cell carcinoma      Basal cell carcinoma is the most common type of skin cancer. It usually occurs on areas of the skin that have been in the sun, most often the nose. Often this cancer appears as a raised bump that looks smooth and pearly. Another type looks like a scar and is flat and firm and may be white, yellow, or waxy. Basal cell carcinoma may spread to tissues around the cancer, but it usually does not spread to other parts of the body.       Squamous cell carcinoma      Squamous cell carcinoma occurs on areas of the skin that have been in the sun, such as the ears, lower lip, and the back of the hands. Squamous cell carcinoma may also appear on areas of the skin that have been burned or exposed to chemicals or radiation. Often this cancer appears as a firm red bump. The tumor may feel scaly, bleed, or form a crust. Squamous cell tumors may spread to nearby lymph nodes. Squamous cell carcinoma that has not spread can usually be cured.       Actinic keratosis     Actinic keratosis is a skin condition that is not cancer, but sometimes changes into squamous cell carcinoma. It usually occurs in areas that have been exposed to the sun, such as the face, the back of the hands, and the lower lip. It looks like rough, red, pink, or brown scaly patches on the skin that may be flat or raised, or the lower lip cracks and peels and is not helped by lip balm or petroleum jelly."
0001276,GARD,https://rarediseases.info.nih.gov/gard/3750/chromosome-3p--syndrome,,C0039082,T047,Disorders,"Del(3p) syndrome|Chromosome 3, monosomy 3p25|Deletion 3p25|Chromosome 3pter-p25 Deletion Syndrome|Telomeric monosomy 3p|Chromosome 3p deletion",0001276-4,Chromosome 3p- syndrome,inheritance,Is Chromosome 3p- syndrome inherited ?,"Is chromosome 3p- syndrome inherited? In most cases, chromosome 3p- syndrome occurs for the first time in the affected person (de novo mutation). However, the deletion is rarely inherited from a parent. In these cases, the deletion is passed down in an autosomal dominant manner. This means that a person with chromosome 3p- syndrome has a 50% chance with each pregnancy of passing the condition on to his or her child. In theory, it is possible for a parent to not have the deletion in their chromosomes on a blood test, but have the deletion in some of their egg or sperm cells only. This phenomenon is called germline mosaicism. In these rare cases, it would be possible to have another child with the deletion. To our knowledge, this has not been reported with chromosome 3p- syndrome. People interested in learning more about genetic risks to themselves or family members should speak with a genetics professional."
0002055,GARD,https://rarediseases.info.nih.gov/gard/2089/ehlers-danlos-syndrome-dermatosparaxis-type,,C0268345|C2700425|C0039082|C0013720,T019|T047,Disorders,Dermatosparaxis|Ehlers-Danlos syndrome type 7C (formerly)|Ehlers-Danlos syndrome,0002055-5,"Ehlers-Danlos syndrome, dermatosparaxis type",exams and tests,"How to diagnose Ehlers-Danlos syndrome, dermatosparaxis type ?","How is Ehlers-Danlos syndrome, dermatosparaxis type diagnosed? A diagnosis of Ehlers-Danlos syndrome (EDS), dermatosparaxis type is typically based on the presence of characteristic signs and symptoms. Genetic testing for a change (mutation) in the ADAMTS2 gene and/or a skin biopsy can then be ordered to confirm the diagnosis."
0000039,NINDS,http://www.ninds.nih.gov/disorders/batten/batten.htm,,C0751383|C0012634,T047,Disorders,,0000039-1,Batten Disease,information,What is (are) Batten Disease ?,"Batten disease is a fatal, inherited disorder of the nervous system that begins in childhood. In some cases, the early signs are subtle, taking the form of personality and behavior changes, slow learning, clumsiness, or stumbling. Symptoms of Batten disease are linked to a buildup of substances called lipopigments in the body's tissues. Lipopigments are made up of fats and proteins. Because vision loss is often an early sign, Batten disease may be first suspected during an eye exam. Often, an eye specialist or other physician may refer the child to a neurologist. Diagnostic tests for Batten disease include blood or urine tests, skin or tissue sampling, an electroencephalogram (EEG), electrical studies of the eyes, and brain scans."
0000131,NINDS,http://www.ninds.nih.gov/disorders/hypotonia/hypotonia.htm,,C0026827,T033,Disorders,,0000131-2,Hypotonia,treatment,What are the treatments for Hypotonia ?,"Treatment begins with a thorough diagnostic evaluation, usually performed by a neurologist, including an assessment of motor and sensory skills, balance and coordination, mental status, reflexes, and functioning of the nerves. Diagnostic tests that may be helpful include a CT or MRI scan of the brain, an EMG to evaluate nerve and muscle function, or an EEG to measure electrical activity in the brain. Once a diagnosis has been made, the underlying condition is treated first, followed by symptomatic and supportive therapy for the hypotonia. Physical therapy can improve motor control and overall body strength. Occupational therapy can help relearn ways to address activities of daily living. Speech-language therapy can help breathing, speech, and swallowing difficulties. Therapy for infants and young children may also include sensory stimulation programs."
0000569,GHR,https://ghr.nlm.nih.gov/condition/kuskokwim-syndrome,,C3839326,T047,Disorders,arthrogryposis-like syndrome|Bruck syndrome 1|Kuskokwim disease,0000569-3,Kuskokwim syndrome,genetic changes,What are the genetic changes related to Kuskokwim syndrome ?,"Kuskokwim syndrome is caused by mutations in the FKBP10 gene, which provides instructions for making the FKBP10 protein (formerly known as FKBP65). This protein is important for the correct processing of complex molecules called collagens, which provide structure and strength to connective tissues that support the body's bones, joints, and organs. Collagen molecules are cross-linked to one another to form long, thin fibrils, which are found in the spaces around cells (the extracellular matrix). The formation of cross-links results in very strong collagen fibrils. The FKBP10 protein attaches to collagens and plays a role in their cross-linking.  A mutation in the FKBP10 gene alters the FKBP10 protein, making it unstable and easily broken down. As a result, people with Kuskokwim syndrome have only about 5 percent of the normal amount of FKBP10 protein. This reduction in protein levels impairs collagen cross-linking and leads to a disorganized network of collagen molecules. It is unclear how these changes in the collagen matrix are involved in the development of joint contractures and other abnormalities in people with Kuskokwim syndrome."
0000683,GHR,https://ghr.nlm.nih.gov/condition/mucopolysaccharidosis-type-vii,,C0085132,T047,Disorders,beta-glucuronidase deficiency|GUSB deficiency|MPS VII|MPS7|Mucopolysaccharidosis 7|Mucopolysaccharidosis VII|Sly Syndrome,0000683-3,mucopolysaccharidosis type VII,genetic changes,What are the genetic changes related to mucopolysaccharidosis type VII ?,"Mutations in the GUSB gene cause MPS VII. This gene provides instructions for producing the beta-glucuronidase (-glucuronidase) enzyme, which is involved in the breakdown of large sugar molecules called glycosaminoglycans (GAGs). GAGs were originally called mucopolysaccharides, which is where this condition gets its name. Mutations in the GUSB gene reduce or completely eliminate the function of -glucuronidase. The shortage (deficiency) of -glucuronidase leads to the accumulation of GAGs within cells, specifically inside the lysosomes. Lysosomes are compartments in the cell that digest and recycle different types of molecules. Conditions such as MPS VII that cause molecules to build up inside the lysosomes are called lysosomal storage disorders. The accumulation of GAGs increases the size of the lysosomes, which is why many tissues and organs are enlarged in this disorder. Researchers believe that the GAGs may also interfere with the functions of other proteins inside the lysosomes and disrupt many normal functions of cells."
0000136,NIDDK,http://www.niddk.nih.gov/health-information/health-topics/kidney-disease/amyloidosis-and-kidney-disease/Pages/facts.aspx,,C0002726|C0022658,T047,Disorders,,0000136-8,Amyloidosis and Kidney Disease,treatment,What are the treatments for Amyloidosis and Kidney Disease ?,"A health care provider treats primary amyloidosis of the kidneys with the following:
                
- medication therapy, including chemotherapy  - a stem cell transplant  - treating other conditions
                
Medication therapy. The goal of medication therapy, including chemotherapy, is to reduce amyloid protein levels in the blood. Many health care providers recommend combination medication therapy such as
                
- melphalan (Alkeran), a type of chemotherapy  - dexamethasone (Decadron), an anti-inflammatory steroid medication
                
These medications can stop the growth of the cells that make amyloid proteins. These medications may cause hair loss and serious side effects, such as nausea, vomiting, and fatigue.
                
Stem cell transplant. A stem cell transplant is a procedure that replaces a patients damaged stem cells with healthy ones. Stem cells are found in the bone marrow and develop into three types of blood cells the body needs. To prepare for a stem cell transplant, the patient receives high doses of chemotherapy. The actual transplant is like a blood transfusion. The transplanted stem cells travel to the bone marrow to make healthy new blood cells. The chemotherapy a patient receives to prepare for the transplant can have serious side effects, so it is important to talk with the health care provider about the risks of this procedure.
                
Read more in What Is a Blood and Marrow Stem Cell Transplant? at www.nhlbi.nih.gov/health/health-topics/topics/bmsct.
                
Treating other conditions. Primary amyloidosis has no cure, so treating some of the side effects and other conditions seen with the disease is essential. Other conditions may include
                
- anemiatreatment may include medications  - depressiontreatment may include talking with a mental health counselor and taking medications  - fatiguetreatment may include changes in diet and activity level  - kidney diseasetreatment may include medications to help maintain kidney function or slow the progression of kidney disease
                
A patient and his or her family should talk with the health care provider about resources for support and treatment options.
                
More information about kidney disease is provided in the NIDDK health topic, niddk-kidney disease."
0000257,NINDS,http://www.ninds.nih.gov/disorders/spinal_infarction/spinal_infarction.htm,,C2314994,T047,Disorders,,0000257-2,Spinal Cord Infarction,treatment,What are the treatments for Spinal Cord Infarction ?,Treatment is symptomatic. Physical and occupational therapy may help individuals recover from weakness or paralysis. A catheter may be necessary for patients with urinary incontinence.
0000884,GHR,https://ghr.nlm.nih.gov/condition/rothmund-thomson-syndrome,,C0032339,T047,Disorders,congenital poikiloderma|poikiloderma atrophicans and cataract|poikiloderma congenitale|poikiloderma congenitale of Rothmund-Thomson|RTS,0000884-3,Rothmund-Thomson syndrome,genetic changes,What are the genetic changes related to Rothmund-Thomson syndrome ?,"Mutations in the RECQL4 gene cause about two-thirds of all cases of Rothmund-Thomson syndrome. This gene provides instructions for making one member of a protein family called RecQ helicases. Helicases are enzymes that bind to DNA and temporarily unwind the two spiral strands (double helix) of the DNA molecule. This unwinding is necessary for copying (replicating) DNA in preparation for cell division, and for repairing damaged DNA. The RECQL4 protein helps stabilize genetic information in the body's cells and plays a role in replicating and repairing DNA.  RECQL4 mutations lead to the production of an abnormally short, nonfunctional version of the RECQL4 protein or prevent cells from making any of this protein. A shortage of the RECQL4 protein may prevent normal DNA replication and repair, causing widespread damage to a person's genetic information over time. It is unclear how a loss of this protein's activity leads to the specific features of Rothmund-Thomson syndrome.  In about one-third of individuals with Rothmund-Thomson syndrome, no mutation in the RECQL4 gene has been found. The cause of the condition in these individuals is unknown; however, researchers suspect that these cases may result from mutations in a gene related to the RECQL4 gene.  In some cases, chromosomal abnormalities have been identified in people with Rothmund-Thomson syndrome. These abnormalities include extra or missing genetic material, usually from chromosome 7 or chromosome 8, in some of an affected person's cells. Researchers believe that these chromosomal changes arise because of the overall instability of an affected person's genetic information; they do not cause the disorder."
0000120,CDC,http://www.cdc.gov/parasites/cyclosporiasis/,,,,,,0000120-2,Parasites - Cyclosporiasis (Cyclospora Infection),susceptibility,Who is at risk for Parasites - Cyclosporiasis (Cyclospora Infection)? ?,"People become infected with Cyclospora by ingesting sporulated oocysts, which are the infective form of the parasite. This most commonly occurs when food or water contaminated with feces is consumed. An infected person sheds unsporulated (immature, non-infective) Cyclospora oocysts in the feces. The oocysts are thought to require days to weeks in favorable environmental conditions to sporulate (become infective). Therefore, direct person-to-person transmission is unlikely, as is transmission via ingestion of newly contaminated food or water.
    
More on: Cyclospora Biology
    Geographic Distribution
    
Cyclosporiasis occurs in many countries, but it seems to be most common in tropical and subtropical regions. In areas where cyclosporiasis has been studied, the risk for infection is seasonal. However, no consistent pattern has been identified regarding the time of year or the environmental conditions, such as temperature or rainfall.
    
In the United States, foodborne outbreaks of cyclosporiasis since the mid-1990s have been linked to various types of imported fresh produce, including raspberries, basil, snow peas, and mesclun lettuce; no commercially frozen or canned produce has been implicated.
    
U.S. cases of infection also have occurred in persons who traveled to Cyclospora-endemic areas. To reduce the risk for infection, travelers should take precautions, such as those recommended in CDC's Health Information for International Travel (Yellow Book). Travelers also should be aware that treatment of water or food with chlorine or iodine is unlikely to kill Cyclospora oocysts."
0000011,GARD,https://rarediseases.info.nih.gov/gard/5/abetalipoproteinemia,,C0000744|C1963709,T047|T033,Disorders,Bassen Kornzweig syndrome|Microsomal triglyceride transfer protein deficiency disease|Microsomal triglyceride transfer protein deficiency|ABL|Abetalipoproteinemia neuropathy|Familial hypobetalipoproteinemia,0000011-3,Abetalipoproteinemia,causes,What causes Abetalipoproteinemia ?,"What causes abetalipoproteinemia? Abetalipoproteinemia is caused by changes (mutations) in the MTTP gene. The MTTP gene gives the body instructions to make a protein needed for creating beta-lipoproteins. These lipoproteins are necessary for the body to absorb fats, cholesterol, and fat-soluble vitamins (vitamins A, D, E and K), and for transporting these substances in the blood. Mutations in the MTTP result in a lack of beta-lipoproteins, leading to an inability to absorb and transport these substances. This in turn leads to the nutritional and neurologic problems in affected people."
0004415,GARD,https://rarediseases.info.nih.gov/gard/7206/niemann-pick-disease-type-a,,C0268242|C0236642,T047,Disorders,Sphingomyelin lipidosis|Sphingomyelinase deficiency|Sphingolipidosis,0004415-1,Niemann-Pick disease type A,information,What is (are) Niemann-Pick disease type A ?,"Niemann-Pick disease is an inherited condition involving lipid metabolism, which is the breakdown, transport, and use of fats and cholesterol in the body. In people with this condition, abnormal lipid metabolism causes harmful amounts of lipids to accumulate in the spleen, liver, lungs, bone marrow, and brain. Niemann-Pick disease type A appears during infancy and is characterized by an enlarged liver and spleen (hepatosplenomegaly), failure to gain weight and grow at the expected rate (failure to thrive), and progressive deterioration of the nervous system. Due to the involvement of the nervous system, Niemann-Pick disease type A is also known as the neurological type. There is currently no effective treatment for this condition and those who are affected generally do not survive past early childhood. Niemann-Pick disease type A is caused by mutations in the SMPD1 gene. It is inherited in an autosomal recessive pattern."
0004732,GARD,https://rarediseases.info.nih.gov/gard/7328/parapsoriasis,,C0030491,T047,Disorders,Digitate dermatosis|Parapsoriasis en plaque,0004732-1,Parapsoriasis,information,What is (are) Parapsoriasis ?,"Parapsoriasis describes a group of skin diseases that can be characterized by scaly patches or slightly elevated papules and/or plaques (red, scaly patches) that have a resemblance to psoriasis. However, this description includes several inflammatory cutaneous diseases that are unrelated with respect to pathogenesis, histopathology, and response to treatment. Because of the variation in clinical presentation and a lack of a specific diagnostic finding on histopathology, a uniformly accepted definition of parapsoriasis remains lacking. There are 2 general forms: a small plaque type, which is usually benign, and a large plaque type, which is a precursor of cutaneous T-cell lymphoma (CTCL). Treatment of small plaque parapsoriasis is unnecessary but can include emollients, topical tar preparations or corticosteroids, and/or phototherapy. Treatment of large plaque parapsoriasis is phototherapy or topical corticosteroids."
0000120,CDC,http://www.cdc.gov/parasites/cyclosporiasis/,,,,,,0000120-1,Parasites - Cyclosporiasis (Cyclospora Infection),information,What is (are) Parasites - Cyclosporiasis (Cyclospora Infection) ?,"Cyclospora cayetanensis is a parasite composed of one cell, too small to be seen without a microscope. This parasite causes an intestinal infection called cyclosporiasis."
0000003,NHLBI,http://www.nhlbi.nih.gov/health/health-topics/topics/arm,,C0002940,T047,Disorders,,0000003-7,Aneurysm,exams and tests,How to diagnose Aneurysm ?,"If you have an aortic aneurysm but no symptoms, your doctor may find it by chance during a routine physical exam. More often, doctors find aneurysms during tests done for other reasons, such as chest or abdominal pain.
                
If you have an abdominal aortic aneurysm (AAA), your doctor may feel a throbbing mass in your abdomen. A rapidly growing aneurysm about to rupture (burst) can be tender and very painful when pressed. If you're overweight or obese, it may be hard for your doctor to feel even a large AAA.
                
If you have an AAA, your doctor may hear rushing blood flow instead of the normal whooshing sound when listening to your abdomen with a stethoscope.
                
Specialists Involved
                
Your primary care doctor may refer you to a cardiothoracic or vascular surgeon for diagnosis and treatment of an aortic aneurysm.
                
A cardiothoracic surgeon does surgery on the heart, lungs, and other organs and structures in the chest, including the aorta. A vascular surgeon does surgery on the aorta and other blood vessels, except those of the heart and brain.
                
Diagnostic Tests and Procedures
                
To diagnose and study an aneurysm, your doctor may recommend one or more of the following tests.
                
Ultrasound and Echocardiography
                
Ultrasound and echocardiography (echo) are simple, painless tests that use sound waves to create pictures of the structures inside your body. These tests can show the size of an aortic aneurysm, if one is found.
                
Computed Tomography Scan
                
A computed tomography scan, or CT scan, is a painless test that uses x rays to take clear, detailed pictures of your organs.
                
During the test, your doctor will inject dye into a vein in your arm. The dye makes your arteries, including your aorta, visible on the CT scan pictures.
                
Your doctor may recommend this test if he or she thinks you have an AAA or a thoracic aortic aneurysm (TAA). A CT scan can show the size and shape of an aneurysm. This test provides more detailed pictures than an ultrasound or echo.
                
Magnetic Resonance Imaging
                
Magnetic resonance imaging (MRI) uses magnets and radio waves to create pictures of the organs and structures in your body. This test works well for detecting aneurysms and pinpointing their size and exact location.
                
Angiography
                
Angiography (an-jee-OG-ra-fee) is a test that uses dye and special x rays to show the insides of your arteries. This test shows the amount of damage and blockage in blood vessels.
                
Aortic angiography shows the inside of your aorta. The test may show the location and size of an aortic aneurysm."
0000365,MPlusHealthTopics,https://www.nlm.nih.gov/medlineplus/fires.html,Other,,,,,0000365-1,Fires,information,Do you have information about Fires,"Summary : Whether a fire happens in your home or in the wild, it can be very dangerous. Fire spreads quickly. There is no time to gather valuables or make a phone call. In just two minutes, a fire can become life-threatening. In five minutes, a home can be engulfed in flames.    Heat and smoke from fire can be more dangerous than the flames. Inhaling the super-hot air can burn your lungs. Fire produces poisonous gases that make you disoriented and drowsy. Instead of being awakened by a fire, you may fall into a deeper sleep. You can suffocate or be burned.    Preventing fires is an important part of fire safety. Although there are no guarantees of safety during a fire, you can take actions to protect yourself. You should have a disaster plan. Being prepared can help reduce fear, anxiety, and losses. If you do experience a disaster, it is normal to feel stressed. You may need help in finding ways to cope.    Federal Emergency Management Agency"
0000614,MPlusHealthTopics,https://www.nlm.nih.gov/medlineplus/mitralvalveprolapse.html,Disease,C0026267,T047,Disorders,Barlow's syndrome|Floppy valve syndrome|MVP,0000614-1,Mitral Valve Prolapse,information,What is (are) Mitral Valve Prolapse ?,"Mitral valve prolapse (MVP) occurs when one of your heart's valves doesn't work properly. The flaps of the valve are ""floppy"" and don't close tightly. Most people who have the condition are born with it. It also tends to run in families.    Most of the time, MVP doesn't cause any problems. Rarely, blood can leak the wrong way through the floppy valve. This can cause       - Palpitations (feelings that your heart is skipping a beat, fluttering, or beating too hard or too fast)    - Shortness of breath    - Cough    - Fatigue, dizziness, or anxiety    - Migraine headaches    - Chest discomfort       Most people who have mitral valve prolapse (MVP) don't need treatment because they don't have symptoms and complications. If you need treatment for MVP, medicines can help relieve symptoms or prevent complications. Very few people will need surgery to repair or replace the mitral valve.    MVP puts you at risk for infective endocarditis, a kind of heart infection. To prevent it, doctors used to prescribe antibiotics before dental work or certain surgeries. Now, only people at high risk of endocarditis need the antibiotics.    NIH: National Heart, Lung, and Blood Institute"
0000834,GHR,https://ghr.nlm.nih.gov/condition/proopiomelanocortin-deficiency,,C1857854,T047,Disorders,"obesity, early-onset, adrenal insufficiency, and red hair|POMC deficiency",0000834-1,proopiomelanocortin deficiency,information,What is (are) proopiomelanocortin deficiency ?,"Proopiomelanocortin (POMC) deficiency causes severe obesity that begins at an early age. In addition to obesity, people with this condition have low levels of a hormone known as adrenocorticotropic hormone (ACTH) and tend to have red hair and pale skin.  Affected infants are usually a normal weight at birth, but they are constantly hungry, which leads to excessive feeding (hyperphagia). The babies continuously gain weight and are severely obese by age 1. Affected individuals experience excessive hunger and remain obese for life. It is unclear if these individuals are prone to weight-related conditions like cardiovascular disease or type 2 diabetes.  Low levels of ACTH lead to a condition called adrenal insufficiency, which occurs when the pair of small glands on top of the kidneys (the adrenal glands) do not produce enough hormones. Adrenal insufficiency often results in periods of severely low blood sugar (hypoglycemia) in people with POMC deficiency, which can cause seizures, elevated levels of a toxic substance called bilirubin in the blood (hyperbilirubinemia), and a reduced ability to produce and release a digestive fluid called bile (cholestasis). Without early treatment, adrenal insufficiency can be fatal.  Pale skin that easily burns when exposed to the sun and red hair are common in POMC deficiency, although not everyone with the condition has these characteristics."
0001957,GARD,https://rarediseases.info.nih.gov/gard/3703/dwarfism-mental-retardation-and-eye-abnormality,,C0025362|C0015393|C0013336,T019|T048|T047,Disorders,Mollica syndrome|Mollica-Pavone-Antener syndrome,0001957-1,"Dwarfism, mental retardation and eye abnormality",symptoms,"What are the symptoms of Dwarfism, mental retardation and eye abnormality ?","What are the signs and symptoms of Dwarfism, mental retardation and eye abnormality? The Human Phenotype Ontology provides the following list of signs and symptoms for Dwarfism, mental retardation and eye abnormality. If the information is available, the table below includes how often the symptom is seen in people with this condition. You can use the MedlinePlus Medical Dictionary to look up the definitions for these medical terms. Signs and Symptoms Approximate number of patients (when available) Cognitive impairment 90% Freckling 90% Neurological speech impairment 90% Short stature 90% Behavioral abnormality 50% Cataract 50% EEG abnormality 50% Myopia 50% Abnormality of movement 7.5% Hypertrichosis 7.5% Abnormality of the orbital region - Autosomal recessive inheritance - Hypoplasia of the iris - Intellectual disability - Microcephaly - Nuclear cataract - Severe Myopia - Severe short stature - The Human Phenotype Ontology (HPO) has collected information on how often a sign or symptom occurs in a condition. Much of this information comes from Orphanet, a European rare disease database. The frequency of a sign or symptom is usually listed as a rough estimate of the percentage of patients who have that feature. The frequency may also be listed as a fraction. The first number of the fraction is how many people had the symptom, and the second number is the total number of people who were examined in one study. For example, a frequency of 25/25 means that in a study of 25 people all patients were found to have that symptom. Because these frequencies are based on a specific study, the fractions may be different if another group of patients are examined. Sometimes, no information on frequency is available. In these cases, the sign or symptom may be rare or common."
0000206,NIDDK,http://www.niddk.nih.gov/health-information/health-topics/urologic-disease/perineal-injury-in-males/Pages/facts.aspx,,C3544174,T037,Disorders,,0000206-11,Perineal Injury in Males,considerations,What to do for Perineal Injury in Males ?,"- Perineal injury is an injury to the perineum, the part of the body between the anus and the genitals, or sex organs. In males, the perineum is the area between the anus and the scrotum, the external pouch of skin that holds the testicles.  - Injury to the blood vessels, nerves, and muscles in the perineum can lead to complications such as      - bladder control problems    - sexual problems    - Common causes of acute perineal injury in males include      - perineal surgery    - straddle injuries    - sexual abuse    - impalement    - Chronic perineal injury most often results from a job- or sport-related practicesuch as bike, motorcycle, or horseback ridingor a long-term condition such as chronic constipation.  - Traumatic or piercing injuries may require surgery to repair damaged pelvic floor muscles, blood vessels, and nerves. Treatment for these acute injuries may also include antibiotics to prevent infection.  - In people with a chronic perineal injury, a health care provider will treat the complications of the condition, such as erectile dysfunction (ED) and urinary incontinence.  - Preventing perineal injury requires being aware of and taking steps to minimize the dangers of activities such as construction work or bike riding.  - The National Institute for Occupational Safety and Health, part of the Centers for Disease Control and Prevention, recommends noseless seats for people who ride bikes as part of their job."
0000190,NINDS,http://www.ninds.nih.gov/disorders/melkersson/melkersson.htm,,C0025235,T047,Disorders,,0000190-1,Melkersson-Rosenthal Syndrome,information,What is (are) Melkersson-Rosenthal Syndrome ?,"Melkersson-Rosenthal syndrome is a rare neurological disorder characterized by recurring facial paralysis, swelling of the face and lips (usually the upper lip), and the development of folds and furrows in the tongue. Onset is in childhood or early adolescence. After recurrent attacks (ranging from days to years in between), swelling may persist and increase, eventually becoming permanent. The lip may become hard, cracked, and fissured with a reddish-brown discoloration. The cause of Melkersson-Rosenthal syndrome is unknown, but there may be a genetic predisposition. It can be symptomatic of Crohn's disease or sarcoidosis."
0000753,GHR,https://ghr.nlm.nih.gov/condition/optic-atrophy-type-1,,C0338508,T047,Disorders,"ADOA|autosomal dominant optic atrophy|autosomal dominant optic atrophy Kjer type|DOA|dominant optic atrophy|Kjer type optic atrophy|Kjer's optic atrophy|optic atrophy, autosomal dominant|optic atrophy, hereditary, autosomal dominant|optic atrophy, juvenile|optic atrophy, Kjer type",0000753-2,optic atrophy type 1,frequency,How many people are affected by optic atrophy type 1 ?,"Optic atrophy type 1 is estimated to affect 1 in 50,000 people worldwide. This condition is more common in Denmark, where it affects approximately 1 in 10,000 people."
0000218,NIDDK,http://www.niddk.nih.gov/health-information/health-topics/urologic-disease/urinary-incontinence-women/Pages/ez.aspx,,C0876938,T033,Disorders,,0000218-4,What I need to know about Bladder Control for Women,causes,What causes What I need to know about Bladder Control for Women ?,Urine leakage has many possible causes.
0002993,GARD,https://rarediseases.info.nih.gov/gard/9927/hyperinsulinemic-hypoglycemia-familial-2,,C1864903,T033,Disorders,HHF2,0002993-1,Hyperinsulinemic hypoglycemia familial 2,symptoms,What are the symptoms of Hyperinsulinemic hypoglycemia familial 2 ?,"What are the signs and symptoms of Hyperinsulinemic hypoglycemia familial 2? The Human Phenotype Ontology provides the following list of signs and symptoms for Hyperinsulinemic hypoglycemia familial 2. If the information is available, the table below includes how often the symptom is seen in people with this condition. You can use the MedlinePlus Medical Dictionary to look up the definitions for these medical terms. Signs and Symptoms Approximate number of patients (when available) Autosomal recessive inheritance - Hyperinsulinemic hypoglycemia - Hypoglycemia - Large for gestational age - Pancreatic islet-cell hyperplasia - The Human Phenotype Ontology (HPO) has collected information on how often a sign or symptom occurs in a condition. Much of this information comes from Orphanet, a European rare disease database. The frequency of a sign or symptom is usually listed as a rough estimate of the percentage of patients who have that feature. The frequency may also be listed as a fraction. The first number of the fraction is how many people had the symptom, and the second number is the total number of people who were examined in one study. For example, a frequency of 25/25 means that in a study of 25 people all patients were found to have that symptom. Because these frequencies are based on a specific study, the fractions may be different if another group of patients are examined. Sometimes, no information on frequency is available. In these cases, the sign or symptom may be rare or common."
0000428,MPlusHealthTopics,https://www.nlm.nih.gov/medlineplus/healthdisparities.html,Disease,C1171307,T033,Disorders,,0000428-1,Health Disparities,information,What is (are) Health Disparities ?,"Health disparities refer to differences in the health status of different groups of people. Some groups of people have higher rates of certain diseases, and more deaths and suffering from them, compared to others. These groups may be based on       - Race    - Ethnicity    - Immigrant status    - Disability    - Sex or gender    - Sexual orientation    - Geography    - Income       NIH: National Institute on Minority Health and Health Disparities"
0000110,NIDDK,http://www.niddk.nih.gov/health-information/health-topics/digestive-diseases/inguinal-hernia/Pages/facts.aspx,,C0019294,T190,Disorders,,0000110-3,Inguinal Hernia,causes,What causes Inguinal Hernia ?,"The cause of inguinal hernias depends on the type of inguinal hernia.
                
Indirect inguinal hernias. A defect in the abdominal wall that is present at birth causes an indirect inguinal hernia.
                
During the development of the fetus in the womb, the lining of the abdominal cavity forms and extends into the inguinal canal. In males, the spermatic cord and testicles descend out from inside the abdomen and through the abdominal lining to the scrotum through the inguinal canal. Next, the abdominal lining usually closes off the entrance to the inguinal canal a few weeks before or after birth. In females, the ovaries do not descend out from inside the abdomen, and the abdominal lining usually closes a couple of months before birth.1
                
Sometimes the lining of the abdomen does not close as it should, leaving an opening in the abdominal wall at the upper part of the inguinal canal. Fat or part of the small intestine may slide into the inguinal canal through this opening, causing a hernia. In females, the ovaries may also slide into the inguinal canal and cause a hernia.
                
Indirect hernias are the most common type of inguinal hernia.2 Indirect inguinal hernias may appear in 2 to 3 percent of male children; however, they are much less common in female children, occurring in less than 1 percent.3
                
Direct inguinal hernias. Direct inguinal hernias usually occur only in male adults as aging and stress or strain weaken the abdominal muscles around the inguinal canal. Previous surgery in the lower abdomen can also weaken the abdominal muscles.
                
Females rarely form this type of inguinal hernia. In females, the broad ligament of the uterus acts as an additional barrier behind the muscle layer of the lower abdominal wall. The broad ligament of the uterus is a sheet of tissue that supports the uterus and other reproductive organs."
0000780,GHR,https://ghr.nlm.nih.gov/condition/pelizaeus-merzbacher-disease,,C0205711|C0012634,T047,Disorders,"Cockayne-Pelizaeus-Merzbacher Disease|PMD|sclerosis; brain, Pelizaeus-Merzbacher",0000780-3,Pelizaeus-Merzbacher disease,genetic changes,What are the genetic changes related to Pelizaeus-Merzbacher disease ?,"Mutations in the PLP1 gene cause Pelizaeus-Merzbacher disease. The PLP1 gene provides instructions for producing proteolipid protein 1 and a modified version (isoform) of proteolipid protein 1, called DM20. Proteolipid protein 1 and DM20 are primarily located in the central nervous system and are the main proteins found in myelin, the fatty covering that insulates nerve fibers. A lack of proteolipid protein 1 and DM20 can cause dysmyelination, which can impair nervous system function, resulting in the signs and symptoms of Pelizaeus-Merzbacher disease.  It is estimated that 5 percent to 20 percent of people with Pelizaeus-Merzbacher disease do not have identified mutations in the PLP1 gene. In these cases, the cause of the condition is unknown."
0000037_2,CancerGov,https://www.cancer.gov/types/colorectal/patient/rectal-treatment-pdq,,C0007113|C0949022,T191,Disorders,,0000037_2-8,Rectal Cancer,research,what research (or clinical trials) is being done for Rectal Cancer ?,"Other types of treatment are being tested in clinical trials.
                    Information about clinical trials is available from the NCI website.
                
                
                    Patients may want to think about taking part in a clinical trial.
                    For some patients, taking part in a clinical trial may be the best treatment choice. Clinical trials are part of the cancer research process. Clinical trials are done to find out if new cancer treatments are safe and effective or better than the standard treatment.   Many of today's standard treatments for cancer are based on earlier clinical trials. Patients who take part in a clinical trial may receive the standard treatment or be among the first to receive a new treatment.   Patients who take part in clinical trials also help improve the way cancer will be treated in the future. Even when clinical trials do not lead to effective new treatments, they often answer important questions and help move research forward.
                
                
                    Patients can enter clinical trials before, during, or after starting their cancer treatment.
                    Some clinical trials only include patients who have not yet received treatment. Other trials test treatments for patients whose cancer has not gotten better. There are also clinical trials that test new ways to stop cancer from recurring (coming back) or reduce the side effects of cancer treatment.   Clinical trials are taking place in many parts of the country. See the Treatment Options section that follows for links to current treatment clinical trials. These have been retrieved from NCI's listing of clinical trials."
0000147,GHR,https://ghr.nlm.nih.gov/condition/cantu-syndrome,,C0039082,T047,Disorders,Cantu syndrome|hypertrichosis-osteochondrodysplasia-cardiomegaly syndrome|hypertrichotic osteochondrodysplasia,0000147-2,Cant syndrome,frequency,How many people are affected by Cant syndrome ?,Cant syndrome is a rare condition. About three dozen affected individuals have been reported in the medical literature.
0000368,GHR,https://ghr.nlm.nih.gov/condition/familial-thoracic-aortic-aneurysm-and-dissection,,C0345050,T019,Disorders,annuloaortic ectasia|congenital aneurysm of ascending aorta|FAA|familial aortic aneurysm|familial aortic dissection|familial TAAD|familial thoracic aortic aneurysm|FTAAD|TAA|TAAD|thoracic aortic aneurysm,0000368-5,familial thoracic aortic aneurysm and dissection,treatment,What are the treatments for familial thoracic aortic aneurysm and dissection ?,"These resources address the diagnosis or management of familial TAAD:  - Gene Review: Gene Review: Thoracic Aortic Aneurysms and Aortic Dissections  - Genetic Testing Registry: Aortic aneurysm, familial thoracic 2  - Genetic Testing Registry: Aortic aneurysm, familial thoracic 4  - Genetic Testing Registry: Aortic aneurysm, familial thoracic 6  - Genetic Testing Registry: Congenital aneurysm of ascending aorta  - Genetic Testing Registry: Thoracic aortic aneurysm and aortic dissection   These resources from MedlinePlus offer information about the diagnosis and management of various health conditions:  - Diagnostic Tests  - Drug Therapy  - Surgery and Rehabilitation  - Genetic Counseling   - Palliative Care"
0000046,MPlusHealthTopics,https://www.nlm.nih.gov/medlineplus/antidepressants.html,Other,,,,Selective serotonin reuptake inhibitors|SSRIs|Tricyclic antidepressants,0000046-1,Antidepressants,information,Do you have information about Antidepressants,"Summary : Antidepressants are medicines that treat depression. Your doctor can prescribe them for you. They work to balance some of the natural chemicals in our brains. It may take several weeks for them to help. There are several types of antidepressants. You and your doctor may have to try a few before finding what works best for you.    Antidepressants may cause mild side effects that usually do not last long. These may include headache, nausea, sleep problems, restlessness, and sexual problems. Tell your doctor if you have any side effects. You should also let your doctor know if you take any other medicines, vitamins, or herbal supplements.    It is important to keep taking your medicines, even if you feel better. Do not stop taking your medicines without talking to your doctor. You often need to stop antidepressants gradually.    NIH: National Institute of Mental Health"
